date,signal,value,stderr,sample_size
20200901,fb_survey_wcli,0.9831988,0.156453,6838.9231
20200902,fb_survey_wcli,1.0086297,0.1400868,8146.9057
20200903,fb_survey_wcli,1.0271482,0.1415422,8060.911
20200904,fb_survey_wcli,0.9412381,0.1123588,7988.9178
20200905,fb_survey_wcli,0.8989332,0.1102643,7759.9307
20200906,fb_survey_wcli,0.9589219,0.1172498,7542.9247
20200907,fb_survey_wcli,0.8698288,0.101804,7452.9258
20200908,fb_survey_wcli,0.9531786,0.1133979,7243.928
20200909,fb_survey_wcli,0.8747388,0.1110469,6805.9293
20200910,fb_survey_wcli,0.8526311,0.112402,6598.9251
20200911,fb_survey_wcli,0.7915692,0.1105374,6467.9243
20200912,fb_survey_wcli,0.718022,0.1054844,6521.9217
20200913,fb_survey_wcli,0.6834891,0.1026055,6390.9296
20200914,fb_survey_wcli,0.5944706,0.0986577,6120.9363
20200915,fb_survey_wcli,0.571566,0.0941878,5905.938
20200916,fb_survey_wcli,0.5955691,0.0964515,5800.9444
20200917,fb_survey_wcli,0.5141809,0.0930976,5643.9508
20200918,fb_survey_wcli,0.6014356,0.1063432,5502.9439
20200919,fb_survey_wcli,0.7931406,0.1334549,5282.9444
20200920,fb_survey_wcli,0.7340483,0.128757,5174.9368
20200921,fb_survey_wcli,0.8127405,0.1332823,5072.9269
20200922,fb_survey_wcli,0.7737787,0.128884,5023.9212
20200923,fb_survey_wcli,0.6922008,0.124454,4913.927
20200924,fb_survey_wcli,0.7434408,0.1240322,4877.9294
20200925,fb_survey_wcli,0.6362539,0.11144,4861.9372
20200926,fb_survey_wcli,0.4927846,0.0837379,4832.945
20200927,fb_survey_wcli,0.581669,0.0920839,4861.9479
20200928,fb_survey_wcli,0.5805209,0.0966758,4915.9485
20200929,fb_survey_wcli,0.6544514,0.1053878,4922.9539
20200930,fb_survey_wcli,0.74732,0.1191645,4900.9537
20201001,fb_survey_wcli,0.8174022,0.1360216,4906.9543
20201002,fb_survey_wcli,0.825861,0.1372971,4959.9478
20201003,fb_survey_wcli,0.7888943,0.1349896,4945.9527
20201004,fb_survey_wcli,0.7517407,0.1378743,4835.9518
20201005,fb_survey_wcli,0.735597,0.1326313,5060.953
20201006,fb_survey_wcli,0.7746429,0.1399571,5384.9547
20201007,fb_survey_wcli,0.7609601,0.1306387,5816.9446
20201008,fb_survey_wcli,0.805697,0.1289678,6095.9358
20201009,fb_survey_wcli,0.8154609,0.126629,6299.9439
20201010,fb_survey_wcli,0.9156941,0.1364973,6609.9362
20201011,fb_survey_wcli,0.9506776,0.1329264,6837.9394
20201012,fb_survey_wcli,1.0582052,0.1490271,6833.9374
20201013,fb_survey_wcli,1.0436475,0.1589545,6695.9292
20201014,fb_survey_wcli,1.0543819,0.1616434,6492.942
20201015,fb_survey_wcli,0.8842896,0.1479192,6446.9464
20201016,fb_survey_wcli,0.9837074,0.1571287,6313.9496
20201017,fb_survey_wcli,0.9316137,0.1513044,6106.9465
20201018,fb_survey_wcli,0.9243425,0.1607128,6068.9463
20201019,fb_survey_wcli,0.947907,0.185171,5932.9471
20201020,fb_survey_wcli,0.9475162,0.1696726,5883.9526
20201021,fb_survey_wcli,0.9348127,0.1683866,5927.9463
20201022,fb_survey_wcli,1.1306659,0.2173477,5810.9469
20201023,fb_survey_wcli,1.1142676,0.2156493,5782.9387
20201024,fb_survey_wcli,1.1016183,0.2145892,5777.9401
20201025,fb_survey_wcli,1.0606054,0.2082144,5710.9392
20201026,fb_survey_wcli,0.9384101,0.1784186,5610.9451
20201027,fb_survey_wcli,0.8022068,0.1734345,5388.9463
20201028,fb_survey_wcli,0.8018738,0.1847771,5024.947
20201029,fb_survey_wcli,0.686022,0.142537,4634.9544
20201030,fb_survey_wcli,0.5562621,0.1352096,4257.9621
20201031,fb_survey_wcli,0.6274749,0.1449273,4187.9609
20201101,fb_survey_wcli,0.6590542,0.1437274,4138.968
20201102,fb_survey_wcli,0.6112326,0.1376413,4196.9699
20201103,fb_survey_wcli,0.7755089,0.1819126,4174.9643
20201104,fb_survey_wcli,0.8894751,0.1927228,3951.9706
20201105,fb_survey_wcli,0.9885739,0.1949372,3921.9667
20201106,fb_survey_wcli,1.1710739,0.2026886,4102.9633
20201107,fb_survey_wcli,1.1267036,0.2025618,3723.9686
20201108,fb_survey_wcli,1.0940795,0.2095509,3351.968
20201109,fb_survey_wcli,1.1145854,0.2113492,3165.9647
20201110,fb_survey_wcli,1.0216469,0.182653,3474.9672
20201111,fb_survey_wcli,0.9038774,0.1586775,3998.949
20201112,fb_survey_wcli,0.766978,0.1383736,4382.9495
20201113,fb_survey_wcli,0.7433983,0.1476294,4503.9536
20201114,fb_survey_wcli,0.8635224,0.149367,4967.9423
20201115,fb_survey_wcli,1.0310241,0.150696,5465.9346
20201116,fb_survey_wcli,1.0894088,0.1593136,5752.9309
20201117,fb_survey_wcli,1.2031621,0.1648976,5740.9317
20201118,fb_survey_wcli,1.307388,0.1725545,5805.939
20201119,fb_survey_wcli,1.294868,0.1716388,5950.922
20201120,fb_survey_wcli,1.248395,0.1584355,6214.9107
20201121,fb_survey_wcli,1.2148448,0.1581709,6386.9097
20201122,fb_survey_wcli,1.0848226,0.1478557,6577.9147
20201123,fb_survey_wcli,1.1169486,0.1457503,6620.9101
20201124,fb_survey_wcli,1.012767,0.1303578,6663.9034
20201125,fb_survey_wcli,1.0221583,0.1271865,6661.8981
20201126,fb_survey_wcli,1.0922808,0.1383383,6657.909
20201127,fb_survey_wcli,1.035659,0.1319302,6658.9042
20201128,fb_survey_wcli,1.0143513,0.1285621,6752.9047
20201129,fb_survey_wcli,1.0600051,0.1296059,6779.9025
20201130,fb_survey_wcli,1.1331399,0.1295402,6876.8993
20201201,fb_survey_wcli,1.1513561,0.1311632,7035.893
20201202,fb_survey_wcli,1.1099087,0.1272562,7235.8951
20201203,fb_survey_wcli,1.1412418,0.1205817,7382.8967
20201204,fb_survey_wcli,1.3034833,0.1332845,7400.9014
20201205,fb_survey_wcli,1.4236526,0.1393569,7343.9074
20201206,fb_survey_wcli,1.3724734,0.138752,7267.8947
20201207,fb_survey_wcli,1.3872288,0.1406621,7249.8999
20201208,fb_survey_wcli,1.4280684,0.1449619,7029.9108
20201209,fb_survey_wcli,1.4515926,0.1475638,6819.9181
20201210,fb_survey_wcli,1.42428,0.1496755,6607.9202
20201211,fb_survey_wcli,1.3188026,0.1437957,6485.9139
20201212,fb_survey_wcli,1.2646137,0.1454311,6301.9172
20201213,fb_survey_wcli,1.3932528,0.1524001,6199.9255
20201214,fb_survey_wcli,1.4360275,0.1535992,6432.9245
20201215,fb_survey_wcli,1.5096984,0.1566844,6637.9153
20201216,fb_survey_wcli,1.486567,0.1560167,6691.9134
20201217,fb_survey_wcli,1.5355493,0.1594064,6719.9054
20201218,fb_survey_wcli,1.4854091,0.1553447,6762.9029
20201219,fb_survey_wcli,1.4641346,0.153812,6920.8898
20201220,fb_survey_wcli,1.4450438,0.1627623,7036.8942
20201221,fb_survey_wcli,1.2723858,0.153806,6766.8999
20201222,fb_survey_wcli,1.1330263,0.1448436,6577.9051
20201223,fb_survey_wcli,1.1523743,0.1429493,6557.9091
20201224,fb_survey_wcli,1.2241769,0.1449151,6579.914
20201225,fb_survey_wcli,1.3793384,0.1526738,6527.9285
20201226,fb_survey_wcli,1.4758766,0.1607327,6538.9411
20201227,fb_survey_wcli,1.3380686,0.1434565,6608.937
20201228,fb_survey_wcli,1.5120938,0.1583396,6774.939
20201229,fb_survey_wcli,1.6466993,0.1630487,7044.9384
20201230,fb_survey_wcli,1.7515576,0.1698214,7307.9354
20201231,fb_survey_wcli,1.817988,0.1669938,7602.9137
20210101,fb_survey_wcli,1.9618834,0.1734096,7965.909
20210102,fb_survey_wcli,1.9571776,0.1686671,8243.9097
20210103,fb_survey_wcli,2.1789732,0.1759231,8455.9087
20210104,fb_survey_wcli,2.2123842,0.1748066,8543.8929
20210105,fb_survey_wcli,2.1889144,0.1743898,8421.8975
20210106,fb_survey_wcli,2.1943315,0.1828663,8398.8801
20210107,fb_survey_wcli,2.0762,0.1790934,8313.9013
20210108,fb_survey_wcli,2.0183501,0.1802951,8234.9051
20210109,fb_survey_wcli,1.9598284,0.172902,8197.8973
20210110,fb_survey_wcli,1.8881763,0.1697507,8146.9023
20210111,fb_survey_wcli,1.850308,0.1622324,8115.9078
20210112,fb_survey_wcli,1.8836479,0.1628642,8245.907
20210113,fb_survey_wcli,1.8299732,0.1451175,8319.9247
20210114,fb_survey_wcli,1.8165499,0.144673,8329.9231
20210115,fb_survey_wcli,1.7473722,0.1363146,8368.9189
20210116,fb_survey_wcli,1.6797747,0.1344127,8320.9291
20210117,fb_survey_wcli,1.7398543,0.1383609,8263.9183
20210118,fb_survey_wcli,1.7608257,0.1443303,8344.9216
20210119,fb_survey_wcli,1.9280143,0.1760351,8402.9197
20210120,fb_survey_wcli,1.9451348,0.183439,8200.9034
20210121,fb_survey_wcli,1.9925382,0.1886761,8268.9079
20210122,fb_survey_wcli,2.0844051,0.1964221,8256.9032
20210123,fb_survey_wcli,2.0730257,0.1996322,8288.9019
20210124,fb_survey_wcli,2.0074406,0.1963926,8310.8964
20210125,fb_survey_wcli,1.8901091,0.1897546,8221.8937
20210126,fb_survey_wcli,1.624257,0.1568264,8202.8866
20210127,fb_survey_wcli,1.5468844,0.1482317,8358.8955
20210128,fb_survey_wcli,1.5756397,0.1483623,8317.887
20210129,fb_survey_wcli,1.3494256,0.1279797,8283.8901
20210130,fb_survey_wcli,1.4508153,0.131772,8092.8869
20210131,fb_survey_wcli,1.4142647,0.1337358,8033.8958
20210201,fb_survey_wcli,1.5217322,0.1514995,7674.9076
20210202,fb_survey_wcli,1.506862,0.1552085,7257.9235
20210203,fb_survey_wcli,1.4384852,0.1514242,7354.9244
20210204,fb_survey_wcli,1.3467697,0.1465312,7311.9256
20210205,fb_survey_wcli,1.4685833,0.1586056,7241.9204
20210206,fb_survey_wcli,1.4908189,0.1593907,7267.9224
20210207,fb_survey_wcli,1.421878,0.1567894,7133.9238
20210208,fb_survey_wcli,1.2520841,0.1385337,7306.925
20210209,fb_survey_wcli,1.2092297,0.1327597,7477.9192
20210210,fb_survey_wcli,1.1894736,0.1379507,7137.9185
20210211,fb_survey_wcli,1.1473052,0.138183,6946.9295
20210212,fb_survey_wcli,1.0402017,0.1308104,7000.9345
20210213,fb_survey_wcli,0.9812386,0.129688,7051.9315
20210214,fb_survey_wcli,1.0037641,0.1378175,7118.9353
20210215,fb_survey_wcli,1.0923454,0.1479311,7243.9189
20210216,fb_survey_wcli,1.1510583,0.1549041,7309.9161
20210217,fb_survey_wcli,1.1955845,0.1613294,7398.9141
20210218,fb_survey_wcli,1.3456098,0.1744448,7546.9105
20210219,fb_survey_wcli,1.3474093,0.1714414,7431.9182
20210220,fb_survey_wcli,1.3423245,0.1709644,7325.9196
20210221,fb_survey_wcli,1.3431901,0.1653291,7245.9218
20210222,fb_survey_wcli,1.3348272,0.1645419,7138.9273
20210223,fb_survey_wcli,1.4244466,0.1785335,7121.9322
20210224,fb_survey_wcli,1.3754378,0.1692917,7014.9353
20210225,fb_survey_wcli,1.384806,0.2132998,6958.9307
20210226,fb_survey_wcli,1.3500721,0.2120616,6906.9305
20210227,fb_survey_wcli,1.4099617,0.2270258,6875.9319
20210228,fb_survey_wcli,1.376889,0.229102,6865.9297
20210301,fb_survey_wcli,1.2931348,0.2240289,6865.9272
20210302,fb_survey_wcli,1.1493066,0.2082313,6874.9174
20210303,fb_survey_wcli,1.1926505,0.2100097,6916.9195
20210304,fb_survey_wcli,1.0144297,0.1473722,6894.9239
20210305,fb_survey_wcli,1.0649584,0.1595905,6930.9117
20210306,fb_survey_wcli,0.9197491,0.1331445,6913.9118
20210307,fb_survey_wcli,1.0251705,0.1499443,6894.914
20210308,fb_survey_wcli,1.1472057,0.1710502,6842.9217
20210309,fb_survey_wcli,1.2325448,0.1766544,6747.9275
20210310,fb_survey_wcli,1.1960084,0.1758781,6711.9347
20210311,fb_survey_wcli,1.3635596,0.2437683,6596.9303
20210312,fb_survey_wcli,1.2776155,0.2355921,6443.9483
20210313,fb_survey_wcli,1.165184,0.229993,6292.951
20210314,fb_survey_wcli,1.0431862,0.215923,6180.9489
20210315,fb_survey_wcli,1.0443884,0.2112262,6098.9462
20210316,fb_survey_wcli,1.0704885,0.2217159,6111.9445
20210317,fb_survey_wcli,1.128043,0.2253723,6057.9345
20210318,fb_survey_wcli,1.0806434,0.1614782,6113.9303
20210319,fb_survey_wcli,1.0745773,0.1602298,6198.9265
20210320,fb_survey_wcli,1.214249,0.1833554,6360.9264
20210321,fb_survey_wcli,1.206069,0.1819081,6452.9208
20210322,fb_survey_wcli,1.1391092,0.170589,6443.9254
20210323,fb_survey_wcli,0.9954201,0.149257,6366.9342
20210324,fb_survey_wcli,0.9329377,0.1424149,6409.9437
20210325,fb_survey_wcli,0.8249084,0.1321577,6387.951
20210326,fb_survey_wcli,0.9601166,0.1480799,6272.9456
20210327,fb_survey_wcli,0.8673254,0.1220703,6161.9376
20210328,fb_survey_wcli,0.8930843,0.1273596,6070.9463
20210329,fb_survey_wcli,0.8399097,0.1321312,6030.9464
20210330,fb_survey_wcli,0.877803,0.1346624,5982.9334
20210331,fb_survey_wcli,0.9486582,0.1532063,5945.9291
20210401,fb_survey_wcli,0.8915517,0.149496,5883.9321
20210402,fb_survey_wcli,0.7820966,0.138702,5894.9347
20210403,fb_survey_wcli,0.7798386,0.1387387,5880.9415
20210404,fb_survey_wcli,0.9252419,0.203425,5779.9448
20210405,fb_survey_wcli,0.928776,0.2008879,5802.9404
20210406,fb_survey_wcli,1.0425604,0.239302,5843.9489
20210407,fb_survey_wcli,0.9752836,0.2290539,5784.9544
20210408,fb_survey_wcli,1.0240423,0.2324474,5779.9503
20210409,fb_survey_wcli,1.0137904,0.2317159,5855.9527
20210410,fb_survey_wcli,1.0551011,0.2328031,5912.9571
20210411,fb_survey_wcli,0.8883927,0.177493,5972.9526
20210412,fb_survey_wcli,0.877108,0.1742048,5968.953
20210413,fb_survey_wcli,0.7513955,0.1145215,5985.9482
20210414,fb_survey_wcli,0.826615,0.1252091,6007.9298
20210415,fb_survey_wcli,0.7849746,0.1161117,5977.9285
20210416,fb_survey_wcli,0.7389554,0.1087248,5900.9218
20210417,fb_survey_wcli,0.7332478,0.1105378,5790.9178
20210418,fb_survey_wcli,0.7584969,0.1243591,5756.9179
20210419,fb_survey_wcli,0.7642311,0.1243952,5718.9239
20210420,fb_survey_wcli,0.8891663,0.1418934,5671.935
20210421,fb_survey_wcli,0.7375259,0.1273319,5549.9517
20210422,fb_survey_wcli,0.6642382,0.1245328,5489.9555
20210423,fb_survey_wcli,0.7775995,0.1497517,5348.9636
20210424,fb_survey_wcli,0.795807,0.1523735,5283.9584
20210425,fb_survey_wcli,0.810344,0.1466823,5025.9582
20210426,fb_survey_wcli,0.8817657,0.1543624,5083.949
20210427,fb_survey_wcli,0.7856442,0.1422058,5024.9448
20210428,fb_survey_wcli,0.7982214,0.1430413,5002.9488
20210429,fb_survey_wcli,0.9089807,0.1497509,4892.9518
20210430,fb_survey_wcli,0.8120629,0.1256692,4864.9498
20210501,fb_survey_wcli,0.7637908,0.116905,4809.9553
20210502,fb_survey_wcli,0.694042,0.1061934,4937.9563
20210503,fb_survey_wcli,0.6243381,0.0973762,4715.9692
20210504,fb_survey_wcli,0.5897719,0.1037446,4612.9719
20210505,fb_survey_wcli,0.5923787,0.1045053,4504.9641
20210506,fb_survey_wcli,0.639963,0.1436918,4516.9603
20210507,fb_survey_wcli,0.8610493,0.1742107,4485.9613
20210508,fb_survey_wcli,0.9728484,0.1882072,4448.963
20210509,fb_survey_wcli,0.9666359,0.188954,4314.9644
20210510,fb_survey_wcli,0.9392945,0.1881179,4259.9637
20210511,fb_survey_wcli,0.9692813,0.1872687,4219.9629
20210512,fb_survey_wcli,1.1030329,0.2083418,4211.9686
20210513,fb_survey_wcli,1.1071294,0.1910108,4179.9707
20210514,fb_survey_wcli,0.9163117,0.1657593,4159.9664
20210515,fb_survey_wcli,0.8550187,0.154596,4126.9675
20210516,fb_survey_wcli,0.9127216,0.158413,4138.9654
20210517,fb_survey_wcli,1.1073368,0.2095748,4146.9604
20210518,fb_survey_wcli,1.1709163,0.2126553,4124.9599
20210519,fb_survey_wcli,1.0582242,0.1926034,4098.9596
20210520,fb_survey_wcli,1.0272509,0.2075154,4079.959
20210521,fb_survey_wcli,1.1028479,0.2162048,4054.9637
20210522,fb_survey_wcli,1.0757443,0.2186185,4013.9648
20210523,fb_survey_wcli,1.1149027,0.2235991,4012.9627
20210524,fb_survey_wcli,0.8946235,0.1762531,4014.9624
20210525,fb_survey_wcli,1.0536553,0.3174863,3951.9637
20210526,fb_survey_wcli,1.2894128,0.3349101,3948.965
20210527,fb_survey_wcli,1.2557446,0.3292407,3852.9673
20210528,fb_survey_wcli,1.1956208,0.326082,3834.9615
20210529,fb_survey_wcli,1.1387301,0.3216103,3873.9554
20210530,fb_survey_wcli,1.0945654,0.3186875,3913.9569
20210531,fb_survey_wcli,1.1957896,0.3274182,3910.9557
20210601,fb_survey_wcli,0.9620593,0.1860862,3995.9492
20210602,fb_survey_wcli,0.8401229,0.1668129,4008.9448
20210603,fb_survey_wcli,0.8460358,0.1541939,4155.9416
20210604,fb_survey_wcli,0.8789834,0.1570929,4222.9402
20210605,fb_survey_wcli,0.9648206,0.1628795,4222.9421
20210606,fb_survey_wcli,1.0778466,0.2070712,4256.9368
20210607,fb_survey_wcli,1.0084572,0.1968662,4270.9368
20210608,fb_survey_wcli,0.976464,0.1963429,4244.9424
20210609,fb_survey_wcli,0.8356171,0.1808184,4244.9451
20210610,fb_survey_wcli,0.9941617,0.2161608,4156.9486
20210611,fb_survey_wcli,0.8749479,0.2088447,4095.9532
20210612,fb_survey_wcli,0.8918922,0.2174518,4077.9579
20210613,fb_survey_wcli,0.7975033,0.1808203,4031.9604
20210614,fb_survey_wcli,0.7463001,0.1757004,3976.9643
20210615,fb_survey_wcli,0.9288365,0.1988734,3975.9596
20210616,fb_survey_wcli,1.1434024,0.2394153,3957.9509
20210617,fb_survey_wcli,0.9753956,0.2088735,3900.9504
20210618,fb_survey_wcli,0.9418537,0.2076818,3797.9511
20210619,fb_survey_wcli,0.8872692,0.1956554,3691.9441
20210620,fb_survey_wcli,0.8160684,0.1896248,3528.9523
20210621,fb_survey_wcli,1.0096261,0.2113665,3400.9552
20210622,fb_survey_wcli,0.8468403,0.1959967,3222.957
20210623,fb_survey_wcli,0.6740566,0.1502934,3081.9675
20210624,fb_survey_wcli,0.6643436,0.1522468,2972.9669
20210625,fb_survey_wcli,0.8983631,0.1934963,2993.9593
20210626,fb_survey_wcli,1.0058311,0.212498,3036.9649
20210627,fb_survey_wcli,0.9741656,0.2097011,3150.9642
20210628,fb_survey_wcli,0.9195439,0.2175226,3261.9628
20210629,fb_survey_wcli,0.9041369,0.2122341,3410.9634
20210630,fb_survey_wcli,0.9407618,0.2222597,3561.9585
20210701,fb_survey_wcli,1.1224699,0.2438755,3665.9603
20210702,fb_survey_wcli,1.0324745,0.221878,3744.9642
20210703,fb_survey_wcli,0.9134032,0.2040946,3830.96
20210704,fb_survey_wcli,0.9535804,0.2069009,3843.959
20210705,fb_survey_wcli,0.8918239,0.1853196,3853.9589
20210706,fb_survey_wcli,0.9657743,0.1951531,3896.9615
20210707,fb_survey_wcli,1.0218809,0.1872008,3911.9604
20210708,fb_survey_wcli,0.9048835,0.1664554,3968.9543
20210709,fb_survey_wcli,0.9855091,0.1717677,4024.9569
20210710,fb_survey_wcli,0.9914928,0.1756837,4058.9584
20210711,fb_survey_wcli,0.9638001,0.1726614,4099.9576
20210712,fb_survey_wcli,1.0421057,0.1851532,4148.9527
20210713,fb_survey_wcli,0.9770262,0.1783428,4164.9529
20210714,fb_survey_wcli,0.8893412,0.1750396,4176.9564
20210715,fb_survey_wcli,0.9436703,0.1763037,4161.9574
20210716,fb_survey_wcli,0.8074413,0.1653143,4180.9589
20210717,fb_survey_wcli,0.9923176,0.1829885,4177.9588
20210718,fb_survey_wcli,1.0901162,0.1901255,4262.9598
20210719,fb_survey_wcli,0.9503955,0.16917,4346.9529
20210720,fb_survey_wcli,0.9488146,0.1652618,4253.9514
20210721,fb_survey_wcli,1.0023377,0.1676588,4131.9526
20210722,fb_survey_wcli,0.8780627,0.1476318,4485.9529
20210723,fb_survey_wcli,1.0126489,0.1517884,4768.94
20210724,fb_survey_wcli,0.960663,0.1389568,4891.9295
20210725,fb_survey_wcli,1.0389758,0.1420606,4922.9284
20210726,fb_survey_wcli,1.1075685,0.1450921,4981.9421
20210727,fb_survey_wcli,1.2251141,0.1532035,5220.9393
20210728,fb_survey_wcli,1.3210375,0.1559531,5513.9378
20210729,fb_survey_wcli,1.3624383,0.1626564,5365.9379
20210730,fb_survey_wcli,1.4827853,0.1861187,5191.9433
20210731,fb_survey_wcli,1.5563694,0.1851766,5246.9531
20210801,fb_survey_wcli,1.6053019,0.1871912,5318.953
20210802,fb_survey_wcli,1.7259072,0.1916192,5363.943
20210803,fb_survey_wcli,1.9255967,0.2165882,5450.9448
20210804,fb_survey_wcli,1.7963992,0.2094751,5571.9406
20210805,fb_survey_wcli,1.8944182,0.2081836,5668.9396
20210806,fb_survey_wcli,1.8270673,0.1914432,5754.9431
20210807,fb_survey_wcli,1.8638842,0.1903753,5932.9406
20210808,fb_survey_wcli,1.8524661,0.1940027,6095.9319
20210809,fb_survey_wcli,1.8109834,0.1904856,6214.9318
20210810,fb_survey_wcli,1.6999987,0.1642053,6274.926
20210811,fb_survey_wcli,1.8665558,0.1729365,6389.9286
20210812,fb_survey_wcli,1.905587,0.178741,6552.9258
20210813,fb_survey_wcli,1.9400427,0.1800461,6707.9248
20210814,fb_survey_wcli,2.1055119,0.2267819,6733.9207
20210815,fb_survey_wcli,2.0624952,0.2182401,6822.925
20210816,fb_survey_wcli,2.1359652,0.2209418,6876.9213
20210817,fb_survey_wcli,2.2265851,0.2218246,7022.9174
20210818,fb_survey_wcli,2.399268,0.2241784,7042.9028
20210819,fb_survey_wcli,2.4804869,0.2237129,7102.9078
20210820,fb_survey_wcli,2.4731807,0.2224427,7104.9022
20210821,fb_survey_wcli,2.431464,0.1915271,7119.9057
20210822,fb_survey_wcli,2.5368963,0.1961629,7139.8988
20210823,fb_survey_wcli,2.6239714,0.1985042,7188.9036
20210824,fb_survey_wcli,2.5609445,0.1955165,7153.9068
20210825,fb_survey_wcli,2.6758622,0.2182838,7138.9228
20210826,fb_survey_wcli,2.627337,0.2158911,7112.9148
20210827,fb_survey_wcli,2.6074037,0.2153083,7119.915
20210828,fb_survey_wcli,2.6140889,0.2083782,7142.9176
20210829,fb_survey_wcli,2.7390457,0.2264311,7127.9241
20210830,fb_survey_wcli,2.7009173,0.2275057,7138.9251
20210831,fb_survey_wcli,2.6045123,0.2274866,7161.9263
20210901,fb_survey_wcli,2.3359461,0.2018789,7172.9204
20210902,fb_survey_wcli,2.4395018,0.2064094,7099.9207
20210903,fb_survey_wcli,2.3639692,0.2017276,7107.9165
20210904,fb_survey_wcli,2.2107935,0.1947218,6970.9168
20210905,fb_survey_wcli,2.0906446,0.1731405,6911.9098
20210906,fb_survey_wcli,2.1893627,0.1838218,6887.9038
20210907,fb_survey_wcli,2.1401183,0.1791779,6836.898
20210908,fb_survey_wcli,2.1581895,0.1820786,6781.8991
20210909,fb_survey_wcli,2.0507295,0.1809825,6700.9047
20210910,fb_survey_wcli,2.1114232,0.189835,6598.9135
20210911,fb_survey_wcli,2.1151,0.1970822,6603.9052
20210912,fb_survey_wcli,2.0214865,0.1938325,6635.9098
20210913,fb_survey_wcli,1.7711167,0.1750986,6582.9123
20210914,fb_survey_wcli,1.9431957,0.1883694,6456.912
20210915,fb_survey_wcli,1.9446303,0.1903801,6383.9198
20210916,fb_survey_wcli,2.0097095,0.1992003,6354.9117
20210917,fb_survey_wcli,2.0681878,0.2017534,6328.9136
20210918,fb_survey_wcli,1.9008639,0.1881569,6240.9205
20210919,fb_survey_wcli,1.927026,0.1938171,5964.9241
20210920,fb_survey_wcli,1.9031408,0.1933442,5811.9333
20210921,fb_survey_wcli,1.787485,0.1848834,5766.9323
20210922,fb_survey_wcli,1.6820134,0.1766931,5731.9264
20210923,fb_survey_wcli,1.494766,0.159255,5672.9329
20210924,fb_survey_wcli,1.3249549,0.1463194,5495.9359
20210925,fb_survey_wcli,1.4533849,0.1610164,5436.9345
20210926,fb_survey_wcli,1.322193,0.15068,5476.9347
20210927,fb_survey_wcli,1.4037041,0.15851,5425.9291
20210928,fb_survey_wcli,1.2893908,0.1528308,5347.9417
20210929,fb_survey_wcli,1.3395954,0.1670645,5157.94
20210930,fb_survey_wcli,1.2588071,0.1657971,5058.9462
20211001,fb_survey_wcli,1.3943612,0.175076,5055.9418
20211002,fb_survey_wcli,1.8773107,0.6735448,5010.945
20211003,fb_survey_wcli,1.921685,0.6743134,4960.9463
20211004,fb_survey_wcli,1.9218784,0.6854,4679.9501
20211005,fb_survey_wcli,2.1387523,0.6912329,4726.9417
20211006,fb_survey_wcli,2.0411001,0.6855294,4790.9466
20211007,fb_survey_wcli,2.028078,0.6886134,4753.9429
20211008,fb_survey_wcli,1.8488369,0.6846188,4646.9497
20211009,fb_survey_wcli,1.3318459,0.2150033,4506.9438
20211010,fb_survey_wcli,1.2405545,0.2093566,4427.9499
20211011,fb_survey_wcli,1.0698398,0.172933,4528.9484
20211012,fb_survey_wcli,0.8637396,0.1499287,4265.9609
20211013,fb_survey_wcli,0.8550784,0.1504724,4024.9587
20211014,fb_survey_wcli,0.9725164,0.1556775,3831.9624
20211015,fb_survey_wcli,0.9630987,0.1601038,3728.962
20211016,fb_survey_wcli,0.8837738,0.1466376,3628.9726
20211017,fb_survey_wcli,1.0833036,0.1713703,3457.9732
20211018,fb_survey_wcli,1.204454,0.1796827,3391.9772
20211019,fb_survey_wcli,1.2153083,0.1831135,3389.9726
20211020,fb_survey_wcli,1.1579237,0.1863034,3409.971
20211021,fb_survey_wcli,0.9923775,0.1741717,3429.9703
20211022,fb_survey_wcli,0.9876944,0.1683447,3547.9636
20211023,fb_survey_wcli,1.1758483,0.1974902,3665.9603
20211024,fb_survey_wcli,1.0387861,0.1839013,3747.9568
20211025,fb_survey_wcli,0.9930528,0.176277,3835.9462
20211026,fb_survey_wcli,1.0223124,0.184447,3932.9501
20211027,fb_survey_wcli,1.0958321,0.191167,4132.9529
20211028,fb_survey_wcli,1.3080613,0.2014377,4358.9499
20211029,fb_survey_wcli,1.357804,0.2138102,4412.9576
20211030,fb_survey_wcli,1.2303622,0.1949804,4410.956
20211031,fb_survey_wcli,1.2651237,0.1964377,4488.9523
20211101,fb_survey_wcli,1.3159005,0.209014,4440.9604
20211102,fb_survey_wcli,1.2308997,0.1943742,4438.9545
20211103,fb_survey_wcli,1.3847531,0.2116025,4284.9541
20211104,fb_survey_wcli,1.3554091,0.2291488,4190.9583
20211105,fb_survey_wcli,1.3262588,0.2191932,4155.9552
20211106,fb_survey_wcli,1.2697126,0.2187396,4160.9572
20211107,fb_survey_wcli,1.3330103,0.2351594,4152.9591
20211108,fb_survey_wcli,1.3168832,0.225899,4254.9631
20211109,fb_survey_wcli,1.4009299,0.2324938,4204.9651
20211110,fb_survey_wcli,1.3269334,0.2375762,4236.9617
20211111,fb_survey_wcli,1.2921678,0.2207177,4197.9622
20211112,fb_survey_wcli,1.404213,0.2318601,4153.9633
20211113,fb_survey_wcli,1.4164577,0.2294366,4115.9617
20211114,fb_survey_wcli,1.4656104,0.2305226,4057.9623
20211115,fb_survey_wcli,1.4099307,0.2287478,3974.9576
20211116,fb_survey_wcli,1.4339536,0.2260906,3976.9567
20211117,fb_survey_wcli,1.2470714,0.1889256,3959.961
20211118,fb_survey_wcli,1.2249425,0.1872609,3944.9601
20211119,fb_survey_wcli,1.2260782,0.1841793,3914.9629
20211120,fb_survey_wcli,1.3283712,0.1979545,3919.9674
20211121,fb_survey_wcli,1.089719,0.1681863,3872.9668
20211122,fb_survey_wcli,1.2140167,0.1838917,3869.9621
20211123,fb_survey_wcli,1.1836093,0.189048,3772.9673
20211124,fb_survey_wcli,1.2472831,0.1967046,3655.9697
20211125,fb_survey_wcli,1.322443,0.2074198,3631.9661
20211126,fb_survey_wcli,1.2866232,0.2065165,3651.9653
20211127,fb_survey_wcli,1.2249378,0.2077317,3669.9579
20211128,fb_survey_wcli,1.3003858,0.2099123,3774.9638
20211129,fb_survey_wcli,1.3215452,0.2322648,3798.972
20211130,fb_survey_wcli,1.3736537,0.2314628,3877.9663
20211201,fb_survey_wcli,1.3609041,0.2300045,3950.9664
20211202,fb_survey_wcli,1.425693,0.2541009,3977.9671
20211203,fb_survey_wcli,1.4099869,0.2554165,3925.9699
20211204,fb_survey_wcli,1.3646109,0.2484558,3847.9722
20211205,fb_survey_wcli,1.3286386,0.2475279,3778.9681
20211206,fb_survey_wcli,1.3233395,0.2300504,3733.9653
20211207,fb_survey_wcli,1.5195401,0.2622078,3717.9696
20211208,fb_survey_wcli,1.6462722,0.2758209,3660.9691
20211209,fb_survey_wcli,1.4958475,0.2487488,3634.9699
20211210,fb_survey_wcli,1.5036772,0.2450657,3634.9696
20211211,fb_survey_wcli,1.5765948,0.2524417,3694.9645
20211212,fb_survey_wcli,1.5549267,0.2520437,3666.9624
20211213,fb_survey_wcli,1.6805206,0.2766124,3656.9608
20211214,fb_survey_wcli,1.4610285,0.244379,3645.9642
20211215,fb_survey_wcli,1.4903232,0.2351295,3720.9631
20211216,fb_survey_wcli,1.3619737,0.2232642,3582.9662
20211217,fb_survey_wcli,1.3573182,0.2212158,3606.9641
20211218,fb_survey_wcli,1.2895928,0.2009069,3674.9684
20211219,fb_survey_wcli,1.551357,0.211203,3769.9722
20211220,fb_survey_wcli,1.3189622,0.1578512,3873.9638
20211221,fb_survey_wcli,1.4791063,0.1692658,3947.9595
20211222,fb_survey_wcli,1.4311013,0.1807631,4049.9602
20211223,fb_survey_wcli,1.7606674,0.1949246,4262.9608
20211224,fb_survey_wcli,1.8942233,0.2001672,4373.9563
20211225,fb_survey_wcli,2.405966,0.2386338,4392.9563
20211226,fb_survey_wcli,2.5887227,0.244432,4455.9525
20211227,fb_survey_wcli,3.1105884,0.2667801,4616.9548
20211228,fb_survey_wcli,3.6376601,0.3250829,4810.9573
20211229,fb_survey_wcli,4.5394516,0.3845981,5075.9472
20211230,fb_survey_wcli,5.0454909,0.4047595,5308.942
20211231,fb_survey_wcli,5.4997722,0.4117414,5536.9384
20220101,fb_survey_wcli,5.4947113,0.4033077,5710.9353
20220102,fb_survey_wcli,5.8307225,0.4048081,5981.9364
20220103,fb_survey_wcli,5.8575324,0.4067328,6027.9305
20220104,fb_survey_wcli,5.7849066,0.3763102,6092.9224
20220105,fb_survey_wcli,5.4321751,0.3226979,6056.9253
20220106,fb_survey_wcli,5.350293,0.3106353,6045.9231
20220107,fb_survey_wcli,5.3065098,0.3130932,5960.9326
20220108,fb_survey_wcli,5.5377819,0.3826833,5955.9344
20220109,fb_survey_wcli,5.5072917,0.3956707,5809.931
20220110,fb_survey_wcli,5.462882,0.3933324,5745.9316
20220111,fb_survey_wcli,5.2559436,0.3845833,5566.9278
20220112,fb_survey_wcli,5.1094068,0.3968958,5215.9331
20220113,fb_survey_wcli,5.2188567,0.4216916,4742.9418
20220114,fb_survey_wcli,5.280741,0.4256315,4779.9325
20220115,fb_survey_wcli,5.0252852,0.3599117,5045.9281
20220116,fb_survey_wcli,5.0830734,0.3560828,5119.9315
20220117,fb_survey_wcli,5.0624406,0.3527836,5128.9422
20220118,fb_survey_wcli,5.1336155,0.3573715,5207.9496
20220119,fb_survey_wcli,5.2263561,0.3504353,5430.9419
20220120,fb_survey_wcli,4.9256939,0.3124285,5815.9344
20220121,fb_survey_wcli,4.9075529,0.3077859,5772.9409
20220122,fb_survey_wcli,4.9573324,0.3207504,5432.9518
20220123,fb_survey_wcli,4.5091855,0.3017628,5333.9502
20220124,fb_survey_wcli,4.6047014,0.3185988,5268.9492
20220125,fb_survey_wcli,4.3968295,0.3150978,5217.9502
20220126,fb_survey_wcli,4.1033604,0.2987714,5175.9566
20220127,fb_survey_wcli,3.9549771,0.2945587,5143.9554
20220128,fb_survey_wcli,3.7052188,0.2923073,5021.9571
20220129,fb_survey_wcli,3.6332707,0.3126209,4922.9487
20220130,fb_survey_wcli,3.7554086,0.3262313,4841.9447
20220131,fb_survey_wcli,3.5547661,0.3213381,4793.9462
20220201,fb_survey_wcli,3.3377814,0.3111203,4729.9458
20220202,fb_survey_wcli,3.4940677,0.3370162,4621.9424
20220203,fb_survey_wcli,3.5001985,0.3384599,4510.9486
20220204,fb_survey_wcli,3.2117951,0.3243955,4453.9388
20220205,fb_survey_wcli,2.8588835,0.286617,4437.9431
20220206,fb_survey_wcli,2.843288,0.2988914,4354.952
20220207,fb_survey_wcli,2.6111416,0.2762103,4275.9547
20220208,fb_survey_wcli,2.6465582,0.2795484,4175.9544
20220209,fb_survey_wcli,2.299442,0.2441586,4166.9596
20220210,fb_survey_wcli,2.1376014,0.2480827,4075.959
20220211,fb_survey_wcli,2.0963332,0.2524186,3999.9625
20220212,fb_survey_wcli,1.9667127,0.2474307,3899.9621
20220213,fb_survey_wcli,1.6714861,0.2174228,3829.9616
20220214,fb_survey_wcli,1.6069869,0.2265165,3750.9621
20220215,fb_survey_wcli,1.4140359,0.2177741,3696.9638
20220216,fb_survey_wcli,1.3854844,0.2221531,3622.9669
20220217,fb_survey_wcli,1.3220022,0.2152058,3593.9621
20220218,fb_survey_wcli,1.3604426,0.2178256,3578.9615
20220219,fb_survey_wcli,1.5594881,0.2450677,3533.965
20220220,fb_survey_wcli,1.674945,0.2634799,3562.9631
20220221,fb_survey_wcli,1.6781869,0.2576293,3608.9587
20220222,fb_survey_wcli,1.7918546,0.266682,3591.96
20220223,fb_survey_wcli,1.7920523,0.2720233,3592.9595
20220224,fb_survey_wcli,1.903781,0.3061566,3600.9661
20220225,fb_survey_wcli,1.7495932,0.2958787,3542.9739
20220226,fb_survey_wcli,1.854845,0.4621201,3553.9732
20220227,fb_survey_wcli,1.7346037,0.454522,3483.9747
20220228,fb_survey_wcli,2.0952093,0.5021688,3415.9726
20220301,fb_survey_wcli,2.0040005,0.4975896,3386.9709
20220302,fb_survey_wcli,1.8787198,0.4900366,3311.9602
20220303,fb_survey_wcli,1.6569772,0.4657159,3251.9601
20220304,fb_survey_wcli,1.8067328,0.4713848,3253.9562
20220305,fb_survey_wcli,1.5728141,0.3059612,3189.9568
20220306,fb_survey_wcli,1.7038238,0.3105689,3166.9571
20220307,fb_survey_wcli,1.2557771,0.2164489,3111.9572
20220308,fb_survey_wcli,1.2832446,0.222843,3088.9621
20220309,fb_survey_wcli,1.3700029,0.2572652,3085.9722
20220310,fb_survey_wcli,1.4896329,0.2824515,3028.9702
20220311,fb_survey_wcli,1.3018287,0.2695663,2972.9701
20220312,fb_survey_wcli,1.2104603,0.2512085,2917.97
20220313,fb_survey_wcli,1.047198,0.242008,2853.9723
20220314,fb_survey_wcli,1.050809,0.2400747,2846.9768
20220315,fb_survey_wcli,0.9647843,0.2318082,2813.9743
20220316,fb_survey_wcli,0.843137,0.1895306,2777.9765
20220317,fb_survey_wcli,1.1898888,0.3257826,2727.9786
20220318,fb_survey_wcli,1.2573567,0.3318709,2656.9786
20220319,fb_survey_wcli,1.2344184,0.331995,2676.9825
20220320,fb_survey_wcli,1.125036,0.3234774,2665.9764
20220321,fb_survey_wcli,1.0901166,0.3237832,2614.9803
20220322,fb_survey_wcli,1.1256754,0.3245287,2653.9819
20220323,fb_survey_wcli,1.2759716,0.3312304,2702.9798
20220324,fb_survey_wcli,1.0146843,0.1958284,2886.9768
20220325,fb_survey_wcli,1.041769,0.19043,3106.9785
20220326,fb_survey_wcli,1.1661425,0.2035425,3212.9646
20220327,fb_survey_wcli,1.1214142,0.1991708,3268.9596
20220328,fb_survey_wcli,1.0646116,0.1959083,3260.9563
20220329,fb_survey_wcli,1.2254788,0.2100018,3249.9551
20220330,fb_survey_wcli,1.353651,0.2284448,3213.953
20220331,fb_survey_wcli,1.1130554,0.1961674,3116.9544
20220401,fb_survey_wcli,1.2826831,0.2675174,2946.953
20220402,fb_survey_wcli,1.1491102,0.2555897,2847.9627
20220403,fb_survey_wcli,1.191842,0.2574082,2809.9675
20220404,fb_survey_wcli,1.3022294,0.2605151,2841.9677
20220405,fb_survey_wcli,1.1737014,0.2501091,2822.9657
20220406,fb_survey_wcli,0.95366,0.2259299,2809.9644
20220407,fb_survey_wcli,0.9695559,0.2299012,2812.9612
20220408,fb_survey_wcli,0.828819,0.1518392,2853.9598
20220409,fb_survey_wcli,0.9246049,0.1626081,2888.9547
20220410,fb_survey_wcli,0.9771339,0.1764216,2895.9474
20220411,fb_survey_wcli,0.8777382,0.1703236,2939.9461
20220412,fb_survey_wcli,1.0443913,0.2171811,2928.943
20220413,fb_survey_wcli,1.0058731,0.2137861,2928.9442
20220414,fb_survey_wcli,1.2504268,0.2582417,2976.9488
20220415,fb_survey_wcli,1.2790724,0.2619648,2992.952
20220416,fb_survey_wcli,1.2825376,0.2665168,3044.9572
20220417,fb_survey_wcli,1.5120318,0.2833394,3001.9685
20220418,fb_survey_wcli,1.583069,0.2867206,2952.9692
20220419,fb_survey_wcli,1.5210567,0.2691631,3003.9734
20220420,fb_survey_wcli,1.5615213,0.2713108,3016.9743
20220421,fb_survey_wcli,1.6246429,0.2726713,2988.9757
20220422,fb_survey_wcli,1.5288782,0.2643886,2984.9793
20220423,fb_survey_wcli,1.5393242,0.2634359,2878.9791
20220424,fb_survey_wcli,1.3008893,0.2386956,2920.9724
20220425,fb_survey_wcli,1.3087054,0.2400806,2953.9748
20220426,fb_survey_wcli,1.3027788,0.2311435,2918.9789
20220427,fb_survey_wcli,1.4087908,0.2431976,2955.9782
20220428,fb_survey_wcli,1.1027627,0.1883327,2957.9748
20220429,fb_survey_wcli,1.1056136,0.187339,2941.9698
20220430,fb_survey_wcli,1.0188015,0.1696398,2976.9585
20220501,fb_survey_wcli,0.966637,0.1657572,2937.9639
20220502,fb_survey_wcli,0.9525095,0.166338,2954.9657
20220503,fb_survey_wcli,1.0478244,0.1859693,2937.9607
20220504,fb_survey_wcli,0.8973631,0.1681865,2893.9615
20220505,fb_survey_wcli,1.2151447,0.2148508,2834.9636
20220506,fb_survey_wcli,1.4436696,0.2407276,2822.9644
20220507,fb_survey_wcli,1.4845373,0.2707787,2822.9792
20220508,fb_survey_wcli,1.5355766,0.2715543,2795.9768
20220509,fb_survey_wcli,1.6133591,0.2776967,2712.975
20220510,fb_survey_wcli,1.7054896,0.2961918,2759.9726
20220511,fb_survey_wcli,1.96668,0.331979,2744.9696
20220512,fb_survey_wcli,1.7172444,0.2988797,2771.9646
20220513,fb_survey_wcli,1.9173315,0.3081574,2791.9671
20220514,fb_survey_wcli,2.2495762,0.33242,2819.9655
20220515,fb_survey_wcli,2.4417607,0.3432025,2892.9665
20220516,fb_survey_wcli,2.3284648,0.3356052,2984.9637
20220517,fb_survey_wcli,2.299936,0.3221748,2966.9637
20220518,fb_survey_wcli,2.3388446,0.2995605,3006.9668
20220519,fb_survey_wcli,2.4311018,0.3093145,3038.9684
20220520,fb_survey_wcli,2.2385356,0.2892418,3028.9644
20220521,fb_survey_wcli,2.0755821,0.273873,3010.9612
20220522,fb_survey_wcli,1.9751256,0.2639043,3051.9681
20220523,fb_survey_wcli,2.0877035,0.2757253,3006.9706
20220524,fb_survey_wcli,2.3579755,0.3123999,2971.9755
20220525,fb_survey_wcli,2.3519511,0.3203812,2943.9738
20220526,fb_survey_wcli,2.2899993,0.3118243,2873.9777
20220527,fb_survey_wcli,2.1102813,0.3001646,2813.9829
20220528,fb_survey_wcli,2.4544659,0.3649039,2796.989
20220529,fb_survey_wcli,2.4263967,0.3675536,2743.9848
20220530,fb_survey_wcli,2.7421956,0.3918534,2741.9817
20220531,fb_survey_wcli,2.3015668,0.3458616,2791.9813
20220601,fb_survey_wcli,2.5353095,0.3758852,2791.9834
20220602,fb_survey_wcli,2.6852576,0.3843608,2831.976
20220603,fb_survey_wcli,2.7171763,0.3833912,2915.9733
20220604,fb_survey_wcli,2.7303516,0.3552971,2891.9689
20220605,fb_survey_wcli,2.80432,0.3558833,2908.9638
20220606,fb_survey_wcli,2.5443121,0.3243268,2918.9653
20220607,fb_survey_wcli,2.8626108,0.3547558,2858.9627
20220608,fb_survey_wcli,2.9197177,0.3696811,2858.9566
20220609,fb_survey_wcli,2.8661377,0.366982,2847.9582
20220610,fb_survey_wcli,3.1109144,0.40284,2896.9494
20220611,fb_survey_wcli,2.9457674,0.4079313,2937.9512
20220612,fb_survey_wcli,2.9637491,0.4100726,2916.9546
20220613,fb_survey_wcli,3.0139837,0.4190962,2952.9535
20220614,fb_survey_wcli,2.8838757,0.4066978,3004.9511
20220615,fb_survey_wcli,2.6540828,0.3649885,3025.9605
20220616,fb_survey_wcli,2.6310095,0.3609815,3047.9681
20220617,fb_survey_wcli,2.4671791,0.3249202,3000.9796
20220618,fb_survey_wcli,2.3120877,0.2789646,2973.9749
20220619,fb_survey_wcli,2.2724087,0.2876913,2518.9789
20220620,fb_survey_wcli,2.2878948,0.2624127,2979.974
20220621,fb_survey_wcli,2.4520902,0.2910714,2992.9776
20220622,fb_survey_wcli,2.3965799,0.2869274,2998.976
20220623,fb_survey_wcli,2.7548072,0.3271016,3001.9714
20220624,fb_survey_wcli,2.8831171,0.3388449,3036.9664
20220625,fb_survey_wcli,3.5128231,0.5004761,3060.967
