date,temp_c,dewpoint_c,abs_humidity_g_m3
2022-01-01,11.8,9.9,9.270131498202087
2022-01-02,11.5,9.0,8.734925260180077
2022-01-03,9.1,6.6,7.480324974152786
2022-01-04,6.9,4.9,6.7017092358014745
2022-01-05,4.9,1.2,5.194602217279886
2022-01-06,3.6,0.9,5.10756588313805
2022-01-07,3.8,1.5,5.328739130957176
2022-01-08,3.7,2.1,5.564344848637955
2022-01-09,5.2,2.7,5.775761587000547
2022-01-10,1.7,1.0,5.180038065259933
2022-01-11,1.8,-0.2,4.747667382297257
2022-01-12,3.6,3.0,5.934033093347478
2022-01-13,4.3,3.7,6.21897672141036
2022-01-14,4.9,3.6,6.161999037184092
2022-01-15,3.0,2.2,5.618367280859694
2022-01-16,5.8,4.0,6.317421685031512
2022-01-17,6.1,4.5,6.535739642968977
2022-01-18,5.9,4.9,6.725725395041042
2022-01-19,4.6,3.1,5.9546682136198115
2022-01-20,4.7,0.2,4.836483934296609
2022-01-21,4.4,1.8,5.4326579192658295
2022-01-22,6.0,4.3,6.447168000376091
2022-01-23,5.7,4.0,6.3196872119043945
2022-01-24,3.5,1.8,5.450331485603582
2022-01-25,1.2,-0.5,4.655294957039159
2022-01-26,4.1,1.9,5.477548381010862
2022-01-27,6.9,4.5,6.517069435097616
2022-01-28,6.2,3.8,6.220304505192826
2022-01-29,9.1,6.3,7.3273598715765385
2022-01-30,6.3,1.3,5.205836286536124
2022-01-31,6.1,1.7,5.361097325649741
2022-02-01,7.2,4.1,6.330163520025922
2022-02-02,8.3,5.7,7.049681865821169
2022-02-03,7.1,5.8,7.12907123691758
2022-02-04,6.3,4.3,6.440246725013368
2022-02-05,6.0,2.2,5.5579871918660375
2022-02-06,7.7,5.5,6.967444022447793
2022-02-07,5.6,0.7,4.998329433387506
2022-02-08,9.1,6.6,7.480324974152786
2022-02-09,8.7,6.7,7.542626050268199
2022-02-10,6.8,4.3,6.428744230416094
2022-02-11,4.6,-0.0,4.768570297029703
2022-02-12,2.7,-1.1,4.431442168980717
2022-02-13,5.0,0.1,4.796378329642136
2022-02-14,9.7,4.7,6.543396647773502
2022-02-15,6.7,4.6,6.567492568886359
2022-02-16,10.4,8.8,8.651159843908172
2022-02-17,8.9,3.6,6.0746102899806305
2022-02-18,8.5,4.6,6.52552031032433
2022-02-19,5.7,0.4,4.889416872320641
2022-02-20,8.0,6.4,7.406904745425538
2022-02-21,6.7,1.4,5.235837818717418
2022-02-22,7.1,4.5,6.512418538087732
2022-02-23,7.5,3.0,5.851571917277443
2022-02-24,6.3,1.8,5.395720899954306
2022-02-25,5.3,0.5,4.931969823463888
2022-02-26,3.1,0.7,5.0435631839159
2022-02-27,4.1,-0.8,4.506873102094168
2022-02-28,4.3,-1.5,4.278499783380492
2022-03-01,4.9,1.0,5.120422450051044
2022-03-02,6.0,0.9,5.063653441370072
2022-03-03,4.5,-1.1,4.402713208403856
2022-03-04,4.5,-1.1,4.402713208403856
2022-03-05,2.4,-0.9,4.50166131848385
2022-03-06,2.6,-2.0,4.149292752131818
2022-03-07,2.2,-2.0,4.155320415472485
2022-03-08,4.1,-3.3,3.747496939597761
2022-03-09,5.7,-0.9,4.448387220040254
2022-03-10,7.5,1.8,5.372649939398649
2022-03-11,9.7,1.1,5.069872504992561
2022-03-12,10.7,5.1,6.7047754049892925
2022-03-13,11.7,5.2,6.72789564368644
2022-03-14,9.1,5.9,7.127709923217996
2022-03-15,8.5,5.1,6.7571471638778995
2022-03-16,9.1,6.0,7.177166139771549
2022-03-17,8.8,4.8,6.610273305770003
2022-03-18,7.3,3.4,6.023700596961223
2022-03-19,8.5,2.4,5.587674248132175
2022-03-20,5.1,-0.6,4.556707752408935
2022-03-21,7.6,2.3,5.565824367292257
2022-03-22,11.1,6.0,7.12666716957087
2022-03-23,9.7,3.3,5.93056491274698
2022-03-24,10.6,4.2,6.298344530986522
2022-03-25,9.0,3.0,5.820463081991545
2022-03-26,10.0,4.4,6.400765740296917
2022-03-27,10.3,5.8,7.048587807889053
2022-03-28,8.7,5.5,6.9427236249936595
2022-03-29,8.5,5.6,6.996016055241475
2022-03-30,7.4,3.1,5.895238268875077
2022-03-31,3.4,1.0,5.148195488109538
2022-04-01,2.6,-2.6,3.9691956382797664
2022-04-02,3.3,-4.1,3.5399724336241563
2022-04-03,2.9,-1.7,4.2374224957284
2022-04-04,6.6,4.0,6.299355778514889
2022-04-05,10.4,8.2,8.306521986420403
2022-04-06,9.8,6.7,7.513303241802762
2022-04-07,9.1,4.6,6.511648522242152
2022-04-08,6.5,1.4,5.239582383579722
2022-04-09,6.1,-0.1,4.708648233447703
2022-04-10,6.3,0.5,4.914320978148218
2022-04-11,9.1,2.4,5.575796109783621
2022-04-12,13.5,6.5,7.314992440536997
2022-04-13,12.7,9.9,9.240944447831676
2022-04-14,12.0,8.8,8.602617477608844
2022-04-15,9.8,6.9,7.617214076694585
2022-04-16,10.7,5.4,6.846111380586954
2022-04-17,11.0,2.2,5.460186959737478
2022-04-18,12.4,2.6,5.590289230867302
2022-04-19,12.2,5.6,6.905301986888949
2022-04-20,12.1,4.1,6.2214245147739415
2022-04-21,12.3,4.7,6.483796608242196
2022-04-22,12.7,6.1,7.135909442783165
2022-04-23,13.6,6.5,7.312441440557734
2022-04-24,12.1,4.2,6.265224401989221
2022-04-25,8.9,5.8,7.0835745936754195
2022-04-26,9.1,4.0,6.243559890308379
2022-04-27,7.6,3.3,5.974925327054258
2022-04-28,8.9,4.3,6.380879089895358
2022-04-29,8.9,4.6,6.516265894000524
2022-04-30,8.5,3.8,6.169508480474404
2022-05-01,8.5,4.0,6.25686056822134
2022-05-02,10.9,4.9,6.607335579954948
2022-05-03,10.2,6.7,7.502696849366831
2022-05-04,9.9,4.8,6.584584202656254
2022-05-05,12.6,9.0,8.70130000108577
2022-05-06,13.8,9.4,8.901621081001583
2022-05-07,14.1,10.1,9.319875505292087
2022-05-08,12.1,6.6,7.401653721138032
2022-05-09,13.9,7.2,7.664402929518398
2022-05-10,16.4,9.0,8.587105768641889
2022-05-11,15.6,9.3,8.786796624734754
2022-05-12,13.9,7.9,8.039557735261488
2022-05-13,13.9,8.4,8.317363908747815
2022-05-14,14.9,9.7,9.048193855794937
2022-05-15,17.2,8.6,8.335016350516714
2022-05-16,18.0,11.6,10.159670698872239
2022-05-17,17.9,13.3,11.363707856403714
2022-05-18,18.6,13.3,11.336442747579436
2022-05-19,17.6,14.5,12.297371795163249
2022-05-20,13.4,10.9,9.854637765979351
2022-05-21,14.0,10.0,9.26093164505611
2022-05-22,14.7,9.5,8.933662748492837
2022-05-23,15.4,12.5,10.87745771257026
2022-05-24,13.2,9.4,8.920272984785766
2022-05-25,13.2,8.9,8.62464363640926
2022-05-26,15.2,11.7,10.326348542052115
2022-05-27,14.2,8.6,8.422035835644781
2022-05-28,12.3,6.2,7.195411771891298
2022-05-29,10.6,6.1,7.1887214598046425
2022-05-30,10.7,5.5,6.893805367991766
2022-05-31,11.8,7.0,7.615812585693333
2022-06-01,12.2,8.1,8.198233572087991
2022-06-02,13.2,7.7,7.950137849403178
2022-06-03,16.3,9.7,9.004429919370292
2022-06-04,16.1,10.7,9.633600909504159
2022-06-05,16.0,13.5,11.588497800739633
2022-06-06,13.8,11.5,10.240416870508605
2022-06-07,15.1,11.4,10.126974936546269
2022-06-08,15.1,13.1,11.325225157420011
2022-06-09,15.5,11.3,10.046167580114641
2022-06-10,17.2,13.1,11.243313764857305
2022-06-11,16.9,11.7,10.265825209793922
2022-06-12,15.7,10.8,9.711365790144583
2022-06-13,14.3,9.4,8.886137308030628
2022-06-14,14.7,8.6,8.407406626272461
2022-06-15,17.2,10.8,9.661195138568152
2022-06-16,18.1,10.7,9.567447426863787
2022-06-17,22.0,12.4,10.564605886119876
2022-06-18,20.9,15.2,12.720623273486172
2022-06-19,14.6,10.1,9.303681108236844
2022-06-20,14.9,9.4,8.867627735439696
2022-06-21,15.2,10.2,9.346619230852623
2022-06-22,17.9,10.8,9.63795914270147
2022-06-23,21.4,14.5,12.138722965349569
2022-06-24,19.9,15.3,12.846323207154036
2022-06-25,18.4,14.5,12.263628363723942
2022-06-26,17.5,12.5,10.798866069025111
2022-06-27,16.4,12.6,10.911264403830847
2022-06-28,17.5,11.3,9.977038610012356
2022-06-29,20.2,13.0,11.055821044221927
2022-06-30,17.3,13.1,11.239442766831877
2022-07-01,15.7,11.2,9.972872762820696
2022-07-02,17.4,10.5,9.46352597066279
2022-07-03,16.6,11.8,10.344544004732864
2022-07-04,17.0,11.6,10.19468593478081
2022-07-05,16.2,11.2,9.95563952839384
2022-07-06,16.3,10.6,9.563030113036303
2022-07-07,17.0,12.0,10.467467168744362
2022-07-08,17.2,12.3,10.668899715182407
2022-07-09,17.5,12.9,11.085760276621832
2022-07-10,17.1,11.5,10.123988358285768
2022-07-11,19.1,14.7,12.393319599492974
2022-07-12,20.8,14.3,12.007143900192842
2022-07-13,21.4,14.2,11.905330573281665
2022-07-14,17.2,11.5,10.120501536051126
2022-07-15,17.0,9.9,9.10399438363841
2022-07-16,17.6,10.5,9.457016236547114
2022-07-17,18.2,10.5,9.437540658232619
2022-07-18,23.5,10.8,9.4560189060619
2022-07-19,28.1,13.6,11.19570167935392
2022-07-20,23.9,14.7,12.19305723935978
2022-07-21,18.5,15.6,13.158871605925873
2022-07-22,17.0,12.5,10.817475178225568
2022-07-23,18.1,12.5,10.776619477981624
2022-07-24,22.3,14.3,11.946183616387497
2022-07-25,20.6,14.7,12.330034563240245
2022-07-26,17.3,12.5,10.806302024314506
2022-07-27,16.1,9.9,9.132321418885684
2022-07-28,16.9,8.7,8.400292959708795
2022-07-29,18.7,11.3,9.936016008223714
2022-07-30,19.1,12.8,10.953118611037198
2022-07-31,19.8,16.6,13.964156707318416
2022-08-01,19.4,13.8,11.679593941880306
2022-08-02,21.0,13.5,11.391515006234455
2022-08-03,22.6,15.7,13.059852234139887
2022-08-04,21.7,15.5,12.932871524189693
2022-08-05,17.9,11.6,10.163161394869103
2022-08-06,16.3,8.9,8.5322739861316
2022-08-07,16.4,10.2,9.307883457835793
2022-08-08,17.7,12.5,10.7914403402515
2022-08-09,19.4,13.7,11.603903427873977
2022-08-10,21.6,13.0,11.003308238583552
2022-08-11,23.6,11.7,10.034044151982231
2022-08-12,24.4,12.1,10.274615026204268
2022-08-13,24.5,9.5,8.639525691764364
2022-08-14,24.6,12.6,10.610769464749692
2022-08-15,23.4,14.8,12.292665219808038
2022-08-16,21.2,16.1,13.461922477566025
2022-08-17,19.3,17.0,14.34788934428648
2022-08-18,19.9,16.3,13.695270901007314
2022-08-19,19.7,16.4,13.792231571452204
2022-08-20,18.5,13.7,11.639711804644374
2022-08-21,17.8,13.4,11.441994696562348
2022-08-22,19.5,13.5,11.44990308930075
2022-08-23,21.0,15.5,12.963648372963899
2022-08-24,22.7,17.6,14.731665124977816
2022-08-25,23.4,16.8,13.971088376045017
2022-08-26,19.3,14.9,12.545616319910554
2022-08-27,17.7,11.9,10.373648843459629
2022-08-28,17.1,11.4,10.057193886165244
2022-08-29,16.8,11.4,10.067599673941928
2022-08-30,18.4,12.2,10.55532379206654
2022-08-31,18.3,10.3,9.309203317232825
2022-09-01,18.6,9.3,8.69644396021306
2022-09-02,20.0,8.4,8.14429237593744
2022-09-03,20.4,10.0,9.059024090880131
2022-09-04,20.8,13.7,11.548637345890565
2022-09-05,21.6,12.8,10.860216841647569
2022-09-06,20.8,16.0,13.394417884003184
2022-09-07,18.7,14.2,12.015470688230646
2022-09-08,17.9,13.5,11.51284706780232
2022-09-09,15.8,13.4,11.521191752776657
2022-09-10,16.6,14.1,12.024365351690856
2022-09-11,16.8,13.5,11.556524018223366
2022-09-12,17.8,13.4,11.441994696562348
2022-09-13,18.9,14.9,12.562799153425242
2022-09-14,15.5,12.5,10.87368932257803
2022-09-15,15.3,10.4,9.469037031914482
2022-09-16,12.8,8.9,8.636708184248265
2022-09-17,12.8,7.3,7.746717241315292
2022-09-18,12.2,9.4,8.951533797769072
2022-09-19,13.0,7.6,7.901610712636671
2022-09-20,12.8,8.8,8.578550004336988
2022-09-21,12.2,7.9,8.087454171742806
2022-09-22,11.8,7.3,7.77390347483456
2022-09-23,13.5,9.9,9.215154266222518
2022-09-24,13.6,11.5,10.24755927111576
2022-09-25,12.1,8.5,8.426772808075478
2022-09-26,12.0,8.9,8.660938822675055
2022-09-27,9.8,7.1,7.722392715265443
2022-09-28,9.8,6.8,7.565101008907755
2022-09-29,9.9,7.6,7.988150169302186
2022-09-30,11.2,7.5,7.8975306484277965
2022-10-01,14.1,10.2,9.382411332345878
2022-10-02,14.2,10.6,9.632918274641929
2022-10-03,13.1,9.7,9.105090795324825
2022-10-04,13.5,10.6,9.656441884592216
2022-10-05,15.7,11.8,10.376775576843857
2022-10-06,13.8,8.0,8.097274878233781
2022-10-07,13.6,9.4,8.90782970948005
2022-10-08,12.8,8.2,8.23680471848052
2022-10-09,10.8,7.1,7.695196403537091
2022-10-10,11.3,8.3,8.336644744721768
2022-10-11,10.7,6.6,7.438160028024042
2022-10-12,9.3,6.4,7.372813840242131
2022-10-13,12.6,11.2,10.081064908279117
2022-10-14,12.6,10.9,9.88222730303196
2022-10-15,13.7,11.4,10.176400646538129
2022-10-16,14.5,10.4,9.495371916759021
2022-10-17,15.5,14.1,12.070188327221292
2022-10-18,13.3,10.8,9.792731745446893
2022-10-19,10.4,7.9,8.138794032469793
2022-10-20,13.1,11.7,10.402105160177213
2022-10-21,15.4,13.5,11.612594486514867
2022-10-22,14.9,11.9,10.474486256275762
2022-10-23,15.1,12.9,11.178061489679568
2022-10-24,15.1,10.9,9.796518479935411
2022-10-25,13.7,11.3,10.109207850793416
2022-10-26,15.0,12.1,10.60979247283387
2022-10-27,16.2,13.2,11.356108424097005
2022-10-28,16.5,13.9,11.873418024672944
2022-10-29,16.0,13.8,11.81692964792351
2022-10-30,15.1,12.8,11.105113318562431
2022-10-31,12.9,11.5,10.272636325790751
2022-11-01,14.3,9.7,9.067080327576035
2022-11-02,12.4,7.3,7.757568885148339
2022-11-03,12.8,9.2,8.813276350087042
2022-11-04,9.4,7.5,7.947842292976266
2022-11-05,9.0,6.6,7.48297616145534
2022-11-06,10.3,8.1,8.253187333904775
2022-11-07,12.1,9.9,9.260382017222382
2022-11-08,13.2,9.1,8.741841081391753
2022-11-09,12.3,8.3,8.307439473239121
2022-11-10,11.8,9.3,8.903974470581366
2022-11-11,10.4,8.4,8.420029307021903
2022-11-12,8.6,7.4,7.916139471063672
2022-11-13,7.8,6.2,7.310661293064143
2022-11-14,5.6,4.3,6.456419541901293
2022-11-15,9.8,8.2,8.324136099132373
2022-11-16,10.0,8.4,8.431924103853294
2022-11-17,10.2,7.9,8.14453872562841
2022-11-18,8.4,6.9,7.655090474163498
2022-11-19,3.1,0.4,4.935434913471894
2022-11-20,1.8,0.1,4.852200881578323
2022-11-21,5.8,4.7,6.634879877478885
2022-11-22,6.8,4.9,6.70410313086695
2022-11-23,7.6,6.1,7.265537717611994
2022-11-24,8.9,6.5,7.434293859528206
2022-11-25,9.2,7.3,7.8454889150136635
2022-11-26,7.3,6.1,7.273309731572713
2022-11-27,7.2,5.4,6.93158093590015
2022-11-28,8.6,7.8,8.135196187319586
2022-11-29,6.2,6.0,7.251674039557973
2022-11-30,5.3,5.1,6.834801575529576
2022-12-01,3.8,2.8,5.84629399414975
2022-12-02,2.5,0.7,5.054541373324025
2022-12-03,1.7,-1.5,4.3189731304308445
2022-12-04,0.6,-1.8,4.2416816048553905
2022-12-05,4.3,3.1,5.961106852884854
2022-12-06,5.0,3.9,6.291228316783455
2022-12-07,4.5,2.6,5.749350224650308
2022-12-08,3.1,1.5,5.342241818347837
2022-12-09,-1.0,-1.5,4.361821660477375
2022-12-10,-0.0,-0.4,4.709927007715852
2022-12-11,-0.1,-1.2,4.444208030572465
2022-12-12,-1.7,-3.1,3.885036049589777
2022-12-13,-3.3,-5.2,3.3378287180435913
2022-12-14,-3.2,-7.6,2.776680326947248
2022-12-15,-2.2,-3.0,3.921278928955495
2022-12-16,-0.6,-2.6,4.0157978251904085
2022-12-17,-2.4,-3.7,3.7244991066469275
2022-12-18,-2.3,-5.1,3.3507870145678464
2022-12-19,6.4,4.8,6.667023997717234
2022-12-20,9.7,8.3,8.383802713933559
2022-12-21,7.6,6.6,7.520291091556986
2022-12-22,8.4,7.6,8.030708241594684
2022-12-23,9.3,8.6,8.568143024862906
2022-12-24,8.8,7.4,7.910524192134029
2022-12-25,8.3,7.8,8.143867563607367
2022-12-26,7.3,4.2,6.372455912524249
2022-12-27,6.0,3.4,6.051752937194251
2022-12-28,8.7,6.7,7.542626050268199
2022-12-29,9.0,6.5,7.431658986638066
2022-12-30,8.1,6.3,7.353412706675477
2022-12-31,13.8,10.7,9.710817435351379
2023-01-01,12.7,8.4,8.352280251901558
2023-01-02,9.0,7.8,8.12366303660214
2023-01-03,6.0,4.7,6.630126246902149
2023-01-04,11.0,9.1,8.80952382071627
2023-01-05,10.0,8.1,8.26193166094052
2023-01-06,10.0,8.0,8.205943938934075
2023-01-07,10.0,7.0,7.664226721855254
2023-01-08,8.4,5.8,7.096154196931814
2023-01-09,6.7,4.6,6.567492568886359
2023-01-10,6.6,4.6,6.569840198044138
2023-01-11,9.8,7.1,7.722392715265443
2023-01-12,10.2,8.6,8.540928171422369
2023-01-13,8.4,4.4,6.437140185988536
2023-01-14,8.6,6.4,7.391131390155776
2023-01-15,6.5,1.7,5.353429029814734
2023-01-16,4.2,2.9,5.879398346694252
2023-01-17,1.4,-1.4,4.355562002849651
2023-01-18,1.3,-1.5,4.325267862630416
2023-01-19,2.9,-0.1,4.76323136819515
2023-01-20,1.6,0.4,4.962379963044989
2023-01-21,-0.1,-1.8,4.252555719938338
2023-01-22,0.9,-1.5,4.331580970256952
2023-01-23,2.5,0.5,4.982067830014582
2023-01-24,1.1,-0.6,4.623168394194298
2023-01-25,0.4,-1.5,4.339498318036622
2023-01-26,4.4,2.7,5.792409431603683
2023-01-27,3.8,1.5,5.328739130957176
2023-01-28,2.4,-0.3,4.70300650008841
2023-01-29,3.8,1.3,5.252828850956924
2023-01-30,7.0,3.6,6.115808789180927
2023-01-31,6.3,3.7,6.174468031330487
2023-02-01,7.1,3.1,5.9015489610451475
2023-02-02,8.1,5.8,7.103723428075207
2023-02-03,9.2,7.0,7.685942257104003
2023-02-04,7.4,6.1,7.2707172134007045
2023-02-05,6.5,3.8,6.213631552031524
2023-02-06,3.3,1.6,5.376764637753693
2023-02-07,0.3,-0.9,4.5362324970130725
2023-02-08,-0.0,-3.2,3.832207461629951
2023-02-09,2.2,-1.1,4.439489095018452
2023-02-10,3.9,2.0,5.520790658438073
2023-02-11,7.3,5.8,7.123987213928158
2023-02-12,7.0,4.7,6.606459902990308
2023-02-13,6.3,4.3,6.440246725013368
2023-02-14,4.7,3.0,5.910540430390191
2023-02-15,4.3,2.1,5.55231166460774
2023-02-16,7.3,5.4,6.929109343482285
2023-02-17,9.9,8.5,8.492269717376896
2023-02-18,9.8,8.2,8.324136099132373
2023-02-19,8.1,6.1,7.252621206114017
2023-02-20,7.3,5.7,7.074818902247703
2023-02-21,8.2,6.5,7.452790414359091
2023-02-22,6.2,4.8,6.671797238453025
2023-02-23,7.1,5.4,6.934054292166304
2023-02-24,4.3,1.5,5.319136068908236
2023-02-25,4.7,-0.8,4.497140786595675
2023-02-26,2.0,-4.0,3.5834883819604904
2023-02-27,2.5,-2.4,4.029902553442954
2023-02-28,1.9,-1.7,4.252828503711416
2023-03-01,1.2,-2.8,3.930681494543131
2023-03-02,2.7,-0.1,4.7666848620274465
2023-03-03,3.4,0.8,5.07455890974592
2023-03-04,5.9,2.3,5.599731915847703
2023-03-05,4.0,1.2,5.211470851577385
2023-03-06,3.8,1.3,5.252828850956924
2023-03-07,3.2,1.5,5.340308674936096
2023-03-08,0.6,-0.9,4.531261283317716
2023-03-09,1.8,0.9,5.141003302994927
2023-03-10,3.1,1.7,5.419317387104761
2023-03-11,2.7,-3.6,3.6830832356001366
2023-03-12,6.6,3.7,6.167846617892062
2023-03-13,12.3,7.9,8.084620942045225
2023-03-14,7.3,2.3,5.571778181912289
2023-03-15,4.7,-0.1,4.732373651935473
2023-03-16,8.2,2.1,5.475346974748241
2023-03-17,11.3,5.8,7.023808100355605
2023-03-18,11.1,8.6,8.513885654784618
2023-03-19,9.5,7.9,8.164709173560269
2023-03-20,7.5,5.8,7.11891043700749
2023-03-21,10.3,7.7,8.031476356241312
2023-03-22,10.1,7.5,7.928200670363438
2023-03-23,12.0,8.5,8.429728015092163
2023-03-24,11.0,7.3,7.795790234573668
2023-03-25,9.3,5.5,6.927975406990486
2023-03-26,7.3,4.2,6.372455912524249
2023-03-27,4.8,-0.6,4.5616259475005805
2023-03-28,4.1,-0.0,4.777170063119928
2023-03-29,10.1,7.0,7.661520904830768
2023-03-30,12.5,8.3,8.301622956891675
2023-03-31,10.5,8.3,8.360157227696481
2023-04-01,9.2,8.2,8.34182507260317
2023-04-02,6.3,1.8,5.395720899954306
2023-04-03,4.8,-1.7,4.208456484784403
2023-04-04,4.3,-1.0,4.4382548361346865
2023-04-05,4.9,0.1,4.798103335335227
2023-04-06,6.6,3.5,6.081529510688763
2023-04-07,8.1,6.1,7.252621206114017
2023-04-08,9.4,6.1,7.219252218083764
2023-04-09,10.4,6.8,7.549093036397283
2023-04-10,10.6,6.1,7.1887214598046425
2023-04-11,9.7,3.6,6.057429140141547
2023-04-12,9.1,4.6,6.511648522242152
2023-04-13,8.4,3.6,6.085398090175943
2023-04-14,8.6,4.0,6.254639854621261
2023-04-15,9.1,4.7,6.557306436927315
2023-04-16,8.5,6.2,7.292491710585376
2023-04-17,10.2,6.8,7.554421494513674
2023-04-18,8.6,4.4,6.432570787453671
2023-04-19,10.3,3.3,5.918011238562297
2023-04-20,7.9,1.1,5.102342778997138
2023-04-21,10.4,6.2,7.243626486638587
2023-04-22,8.6,7.0,7.702309836001118
2023-04-23,10.7,8.2,8.297742854498873
2023-04-24,8.6,5.9,7.140358920419803
2023-04-25,6.5,1.6,5.315238991979291
2023-04-26,5.9,0.4,4.885912542005414
2023-04-27,7.4,1.5,5.260361084721405
2023-04-28,10.4,7.8,8.083553256135756
2023-04-29,10.3,6.4,7.346802854741188
2023-04-30,10.9,7.0,7.639942954737952
2023-05-01,11.9,8.2,8.262811118223137
2023-05-02,9.3,4.5,6.461693380418081
2023-05-03,8.9,3.7,6.117550403670642
2023-05-04,13.6,7.6,7.885077263891834
2023-05-05,14.0,11.4,10.165768850633684
2023-05-06,14.4,11.3,10.084598407233841
2023-05-07,15.3,13.0,11.24363010338881
2023-05-08,13.9,11.8,10.441845063129588
2023-05-09,13.6,12.2,10.73201273435745
2023-05-10,12.6,11.2,10.081064908279117
2023-05-11,12.9,11.0,9.937685526328444
2023-05-12,14.9,11.5,10.201310956404946
2023-05-13,15.8,10.5,9.515928260169833
2023-05-14,12.9,9.9,9.234483378474689
2023-05-15,10.7,8.3,8.354266681825285
2023-05-16,10.2,5.7,7.002410309283107
2023-05-17,10.4,6.0,7.144260775702769
2023-05-18,9.6,4.3,6.365082041750612
2023-05-19,12.3,6.7,7.447500971336807
2023-05-20,14.7,8.6,8.407406626272461
2023-05-21,15.5,11.7,10.315616151396942
2023-05-22,15.4,12.9,11.166439869693765
2023-05-23,12.6,7.3,7.752139265631173
2023-05-24,11.3,6.9,7.577045958870567
2023-05-25,12.5,8.2,8.245455309817975
2023-05-26,12.1,6.7,7.4527227073377444
2023-05-27,13.5,8.4,8.328970207591349
2023-05-28,15.3,10.6,9.59618327688805
2023-05-29,12.5,6.9,7.545215203923448
2023-05-30,12.5,7.9,8.078960433771433
2023-05-31,15.3,10.9,9.789725955421677
2023-06-01,12.7,8.7,8.523718639018842
2023-06-02,13.5,7.3,7.727799738894498
2023-06-03,16.0,7.8,7.926998187021593
2023-06-04,15.7,8.2,8.154108738963147
2023-06-05,14.3,9.7,9.067080327576035
2023-06-06,15.2,10.5,9.535729047255327
2023-06-07,16.1,10.8,9.697936070815082
2023-06-08,17.0,11.4,10.060660091192357
2023-06-09,20.6,11.8,10.203682128923736
2023-06-10,23.4,12.5,10.58401761241662
2023-06-11,24.3,13.7,11.412748185659881
2023-06-12,24.2,10.6,9.308959361756713
2023-06-13,22.4,9.3,8.584630436109492
2023-06-14,21.0,8.7,8.283205755442923
2023-06-15,20.3,10.6,9.432677001936815
2023-06-16,19.7,9.9,9.020057949164025
2023-06-17,19.8,10.7,9.511927165298099
2023-06-18,20.4,14.2,11.94588697107857
2023-06-19,20.5,14.5,12.17592661142079
2023-06-20,22.0,16.2,13.511389646618744
2023-06-21,19.8,15.6,13.100477569101486
2023-06-22,18.7,15.5,13.06581178313288
2023-06-23,20.0,14.4,12.118079415755004
2023-06-24,20.1,14.2,11.958107827314967
2023-06-25,23.7,15.0,12.439532310505689
2023-06-26,19.8,11.9,10.299285769312965
2023-06-27,18.2,11.3,9.953067691779959
2023-06-28,18.9,15.1,12.725627605846588
2023-06-29,18.7,14.9,12.571408232851951
2023-06-30,17.3,10.9,9.722315206890627
2023-07-01,18.1,14.2,12.040223589219275
2023-07-02,17.4,9.5,8.85064471572419
2023-07-03,16.7,10.3,9.36059101882873
2023-07-04,16.7,10.4,9.423300782665974
2023-07-05,15.4,11.9,10.456336046162653
2023-07-06,17.0,11.8,10.330283044533337
2023-07-07,20.8,11.4,9.930602229833177
2023-07-08,23.9,14.5,12.036562361365815
2023-07-09,21.4,17.4,14.610942092907164
2023-07-10,19.9,14.1,11.88896045266141
2023-07-11,20.9,14.9,12.477352466443945
2023-07-12,18.2,13.3,11.352006767140212
2023-07-13,17.8,13.4,11.441994696562348
2023-07-14,19.1,12.4,10.669438587812767
2023-07-15,21.4,14.4,12.060482025899098
2023-07-16,18.8,11.3,9.93261268025378
2023-07-17,17.4,12.2,10.591652560925828
2023-07-18,18.3,12.6,10.840132469134401
2023-07-19,17.4,13.4,11.45774688337572
2023-07-20,16.8,11.8,10.337408606212614
2023-07-21,16.2,11.7,10.290660453087014
2023-07-22,16.2,12.4,10.776372653493283
2023-07-23,18.2,13.9,11.80413774102117
2023-07-24,17.5,14.1,11.987131810261227
2023-07-25,15.4,10.0,9.21599903613884
2023-07-26,16.1,10.6,9.569642406977902
2023-07-27,17.2,15.4,13.049310926015217
2023-07-28,19.6,16.9,14.242560101226589
2023-07-29,18.5,14.8,12.499193797133803
2023-07-30,17.4,13.5,11.532659229337
2023-07-31,17.6,15.8,13.369757594656006
2023-08-01,17.1,13.4,11.469589515813317
2023-08-02,17.4,14.0,11.913727551441607
2023-08-03,16.8,14.2,12.094206312674991
2023-08-04,16.5,12.9,11.124033227689058
2023-08-05,15.2,12.7,11.028758709816147
2023-08-06,15.2,12.0,10.532809429551506
2023-08-07,15.7,9.9,9.14496787402695
2023-08-08,16.1,11.7,10.294218157651606
2023-08-09,16.2,12.7,10.990643075774964
2023-08-10,18.4,13.0,11.124078557099992
2023-08-11,19.8,16.1,13.526256635164907
2023-08-12,19.5,15.9,13.36819662492598
2023-08-13,18.4,14.2,12.027834403567534
2023-08-14,19.7,14.5,12.209188490502699
2023-08-15,18.9,15.4,12.973351917029682
2023-08-16,18.1,13.9,11.808190663850704
2023-08-17,18.7,15.0,12.652647477723535
2023-08-18,20.6,17.5,14.743598814187884
2023-08-19,21.7,17.9,15.063843200400237
2023-08-20,19.6,15.1,12.695199119684014
2023-08-21,19.7,16.1,13.530875469597268
2023-08-22,18.7,15.6,13.149854047861163
2023-08-23,19.3,15.4,12.955607547849267
2023-08-24,20.0,17.6,14.867348208168812
2023-08-25,19.3,17.2,14.53085062251417
2023-08-26,16.1,12.9,11.139416506137028
2023-08-27,15.2,12.1,10.602433504584981
2023-08-28,16.0,12.5,10.854886470559046
2023-08-29,15.5,12.1,10.591414173036824
2023-08-30,14.7,11.2,10.00751883807802
2023-08-31,15.5,10.8,9.718094607598346
2023-09-01,16.2,14.2,12.119285019388679
2023-09-02,18.0,15.6,13.181469702449872
2023-09-03,17.6,13.7,11.675741866980331
2023-09-04,18.5,14.6,12.338893171297213
2023-09-05,21.1,16.2,13.55271590212242
2023-09-06,22.2,17.8,14.943908621927793
2023-09-07,21.9,17.2,14.40280381140237
2023-09-08,21.6,17.9,15.068953919043288
2023-09-09,21.4,18.0,15.174400394004598
2023-09-10,24.2,18.9,15.90419501446416
2023-09-11,22.0,17.7,14.860059765263689
2023-09-12,19.6,17.5,14.793961235414828
2023-09-13,17.6,14.2,12.060929046810365
2023-09-14,15.9,12.4,10.787557264446573
2023-09-15,16.8,12.5,10.824936792419894
2023-09-16,18.7,13.8,11.707607358907259
2023-09-17,18.4,16.0,13.504678912717326
2023-09-18,18.9,16.2,13.654807923983984
2023-09-19,16.8,11.7,10.26936575996112
2023-09-20,18.8,13.8,11.703597217664267
2023-09-21,17.0,14.5,12.32280148007484
2023-09-22,13.3,11.5,10.258291572673919
2023-09-23,13.6,11.3,10.112733293810255
2023-09-24,14.5,9.8,9.121766219208185
2023-09-25,16.3,11.5,10.151969670037811
2023-09-26,17.1,13.6,11.620000451009021
2023-09-27,17.9,14.8,12.524960903398295
2023-09-28,18.0,13.6,11.58408082055768
2023-09-29,17.4,13.2,11.309206582386745
2023-09-30,15.3,12.3,10.739175012318293
2023-10-01,17.3,13.6,11.611999073525112
2023-10-02,18.8,16.3,13.746871510670296
2023-10-03,17.1,12.3,10.67257547735818
2023-10-04,15.4,10.4,9.465755438765319
2023-10-05,15.6,11.5,10.176580505601539
2023-10-06,16.0,12.7,10.998245111449025
2023-10-07,18.0,14.6,12.360083096028962
2023-10-08,17.4,15.1,12.791325218680075
2023-10-09,17.2,14.5,12.314313240722283
2023-10-10,16.9,13.1,11.254942774095221
2023-10-11,18.0,14.7,12.440143063547389
2023-10-12,16.7,15.4,13.07182138129556
2023-10-13,18.2,15.9,13.427845348496955
2023-10-14,12.5,6.6,7.391289073882808
2023-10-15,9.3,5.0,6.691242727317642
2023-10-16,9.8,7.1,7.722392715265443
2023-10-17,9.4,6.1,7.219252218083764
2023-10-18,10.1,5.7,7.004882475323453
2023-10-19,15.3,13.8,11.845606544278326
2023-10-20,13.3,12.5,10.957201686026002
2023-10-21,13.2,10.5,9.602330961327304
2023-10-22,12.3,9.5,9.008774994407647
2023-10-23,10.7,9.2,8.878479381037131
2023-10-24,11.5,10.0,9.342267774030782
2023-10-25,10.0,8.9,8.72211444564998
2023-10-26,9.1,8.2,8.344780546499575
2023-10-27,10.7,9.6,9.120634154948725
2023-10-28,11.2,8.8,8.626820375383021
2023-10-29,12.7,9.1,8.757132040078812
2023-10-30,11.3,9.1,8.800232707528664
2023-10-31,11.0,9.4,8.989337213420391
2023-11-01,11.8,9.8,9.208198115301752
2023-11-02,10.7,7.0,7.64532603943391
2023-11-03,9.7,6.8,7.567775607107829
2023-11-04,8.9,6.8,7.5892406682164495
2023-11-05,10.1,7.5,7.928200670363438
2023-11-06,9.7,7.1,7.725122923048815
2023-11-07,9.4,7.0,7.68050184495953
2023-11-08,9.3,7.3,7.842711259175457
2023-11-09,9.6,7.6,7.996625660197996
2023-11-10,7.8,5.9,7.160690962193556
2023-11-11,7.7,4.7,6.589993739799662
2023-11-12,6.6,5.3,6.898350912972459
2023-11-13,10.2,7.8,8.089258958098796
2023-11-14,11.6,8.5,8.441569599661213
2023-11-15,10.4,7.4,7.865887130919378
2023-11-16,8.0,6.7,7.561405485570306
2023-11-17,6.2,5.3,6.908228630406463
2023-11-18,8.3,7.1,7.763549542669593
2023-11-19,12.5,9.8,9.185632952757691
2023-11-20,10.1,7.9,8.147414114410624
2023-11-21,8.4,7.2,7.814124883389296
2023-11-22,5.2,3.8,6.242651566465298
2023-11-23,11.6,9.1,8.790961171752514
2023-11-24,7.6,2.6,5.685866749329146
2023-11-25,6.5,2.3,5.587717472259258
2023-11-26,5.7,4.1,6.364214964458552
2023-11-27,5.4,4.6,6.5981432252839625
2023-11-28,2.4,-0.0,4.806642714570859
2023-11-29,3.2,0.5,4.969448153947964
2023-11-30,0.1,-0.4,4.708203338179634
2023-12-01,-1.2,-2.6,4.024657831423592
2023-12-02,-1.0,-1.9,4.235297115606366
2023-12-03,0.3,-1.3,4.405289886525698
2023-12-04,2.7,-0.8,4.529746483797746
2023-12-05,2.5,1.6,5.3923692512498045
2023-12-06,3.3,1.4,5.300232279139336
2023-12-07,1.6,0.3,4.9266024845817995
2023-12-08,5.4,4.0,6.326493552466489
2023-12-09,7.5,6.1,7.268126542738527
2023-12-10,9.7,5.3,6.822745864960387
2023-12-11,9.3,6.8,7.578492938468576
2023-12-12,7.3,6.6,7.528335617595379
2023-12-13,7.4,6.5,7.474042356371165
2023-12-14,5.5,3.8,6.235930606587532
2023-12-15,6.8,5.5,6.989843378119174
2023-12-16,7.9,6.6,7.512263739386672
2023-12-17,8.4,5.8,7.096154196931814
2023-12-18,7.4,5.5,6.974894506164545
2023-12-19,8.9,7.7,8.071341865543697
2023-12-20,8.0,5.4,6.911857426212366
2023-12-21,10.0,7.0,7.664226721855254
2023-12-22,8.6,5.3,6.8493830271660885
2023-12-23,9.4,6.4,7.370204456472802
2023-12-24,10.7,9.2,8.878479381037131
2023-12-25,11.1,9.9,9.292960318074527
2023-12-26,8.5,6.0,7.192455682409089
2023-12-27,7.6,5.5,6.969925747834239
2023-12-28,10.5,6.2,7.24107276674201
2023-12-29,9.3,7.3,7.842711259175457
2023-12-30,8.0,5.2,6.816436329731753
2023-12-31,8.8,5.3,6.844524447256767
2024-01-01,7.4,4.4,6.460084902388424
2024-01-02,10.2,8.5,8.483278431281208
2024-01-03,9.0,7.0,7.691390382042584
2024-01-04,7.7,6.1,7.262950736049733
2024-01-05,7.4,5.9,7.170900466327855
2024-01-06,4.6,2.0,5.506876874600424
2024-01-07,0.7,-3.0,3.8797536089117814
2024-01-08,-1.6,-6.2,3.0739177934403106
2024-01-09,-3.5,-10.4,2.2328473961884105
2024-01-10,-3.3,-11.9,1.9797829224500965
2024-01-11,-1.7,-5.1,3.343380596410761
2024-01-12,3.1,1.8,5.458223368297667
2024-01-13,4.4,2.6,5.751421689332221
2024-01-14,3.9,2.3,5.64015589647104
2024-01-15,2.4,-1.4,4.339755209153953
2024-01-16,1.2,-3.0,3.872682798616699
2024-01-17,-1.5,-4.2,3.57556763622034
2024-01-18,-0.9,-4.3,3.5409706253790896
2024-01-19,1.3,-1.8,4.230862959843918
2024-01-20,-0.4,-3.4,3.7810116055205008
2024-01-21,3.5,-1.8,4.197217926366034
2024-01-22,9.3,6.1,7.221808157973331
2024-01-23,7.6,4.5,6.500820286016338
2024-01-24,10.0,6.2,7.2538594041545865
2024-01-25,6.8,5.3,6.893422639414344
2024-01-26,8.5,5.4,6.899587130763738
2024-01-27,3.9,2.1,5.560327996193531
2024-01-28,4.2,0.4,4.915860446535464
2024-01-29,6.6,4.7,6.615906136989222
2024-01-30,8.2,6.2,7.300267603648023
2024-01-31,6.1,3.3,6.007019822991881
2024-02-01,6.7,4.7,6.613542046892031
2024-02-02,7.4,5.5,6.974894506164545
2024-02-03,9.6,8.0,8.217552701358738
2024-02-04,10.0,8.3,8.37491999871484
2024-02-05,9.1,6.5,7.429025980796918
2024-02-06,10.1,7.6,7.982509816137628
2024-02-07,5.8,3.1,5.9290521467392105
2024-02-08,3.4,2.9,5.896406188593928
2024-02-09,10.7,8.4,8.411130209639106
2024-02-10,9.9,8.2,8.321195227873185
2024-02-11,8.5,7.2,7.811350473702311
2024-02-12,6.5,4.7,6.618271917835634
2024-02-13,6.1,3.7,6.178890210762057
2024-02-14,10.7,9.4,8.998838010193428
2024-02-15,12.7,10.3,9.491577074715785
2024-02-16,11.2,8.8,8.626820375383021
2024-02-17,9.3,7.2,7.789225919342382
2024-02-18,9.3,7.8,8.115034610647172
2024-02-19,8.5,7.0,7.70504454568903
2024-02-20,8.4,6.4,7.396381705474659
2024-02-21,9.2,7.1,7.738802970725543
2024-02-22,10.0,8.7,8.604997255742665
2024-02-23,5.5,2.3,5.60777028931384
2024-02-24,4.6,2.4,5.666133040455183
2024-02-25,6.0,3.6,6.137717471929202
2024-02-26,5.1,2.8,5.818979772434046
2024-02-27,4.5,1.8,5.430701262352713
2024-02-28,6.3,4.3,6.440246725013368
2024-02-29,8.1,6.5,7.455440295395307
2024-03-01,7.5,5.2,6.828580345997087
2024-03-02,7.9,4.3,6.403582804856737
2024-03-03,8.9,6.6,7.485629228699253
2024-03-04,7.3,3.9,6.239633290473589
2024-03-05,5.2,3.9,6.286707944362558
2024-03-06,5.9,3.8,6.226991806219731
2024-03-07,5.9,2.5,5.679993872253094
2024-03-08,5.6,0.5,4.926661873878097
2024-03-09,8.6,3.2,5.9117935749088675
2024-03-10,9.7,4.7,6.543396647773502
2024-03-11,7.4,6.1,7.2707172134007045
2024-03-12,8.4,6.3,7.345577424089782
2024-03-13,10.9,8.7,8.577732698340208
2024-03-14,12.0,8.1,8.203983692075427
2024-03-15,12.4,9.2,8.825622035746418
2024-03-16,8.5,4.8,6.617314250175227
2024-03-17,9.5,6.3,7.316990354687698
2024-03-18,10.5,8.4,8.417060849660004
2024-03-19,10.5,7.7,8.025813407990833
2024-03-20,11.2,8.4,8.396340109041887
2024-03-21,9.5,7.2,7.783714349613501
2024-03-22,9.7,8.0,8.214647432593896
2024-03-23,6.8,2.7,5.742751340387934
2024-03-24,6.6,3.4,6.038773306229759
2024-03-25,7.3,2.6,5.691948974413114
2024-03-26,9.1,3.6,6.070305871706064
2024-03-27,9.7,5.5,6.918178022642612
2024-03-28,8.6,3.1,5.870129889380311
2024-03-29,10.8,4.7,6.518048043045377
2024-03-30,9.0,7.4,7.904916873904624
2024-03-31,9.4,7.5,7.947842292976266
2024-04-01,9.8,6.8,7.565101008907755
2024-04-02,9.4,6.3,7.319579981427989
2024-04-03,10.8,8.6,8.522880779617989
2024-04-04,11.5,8.4,8.387490988955069
2024-04-05,13.4,10.0,9.280322882142253
2024-04-06,17.0,11.3,9.994231507841086
2024-04-07,15.6,9.5,8.905817565900131
2024-04-08,14.0,11.2,10.031914670175023
2024-04-09,11.4,7.2,7.731740857207015
2024-04-10,11.0,4.0,6.20181164539694
2024-04-11,13.0,9.8,9.16958257192114
2024-04-12,15.0,11.1,9.930987476331598
2024-04-13,15.9,11.0,9.834544005557001
2024-04-14,11.5,5.8,7.01887305162885
2024-04-15,8.8,4.2,6.3385538594340325
2024-04-16,8.1,4.5,6.489263272174531
2024-04-17,6.6,3.1,5.912096859098848
2024-04-18,7.0,2.8,5.779514980116986
2024-04-19,8.6,5.4,6.897138297709341
2024-04-20,7.1,2.6,5.696011025420724
2024-04-21,6.7,1.5,5.273519036335859
2024-04-22,6.0,0.6,4.955270253677329
2024-04-23,5.6,0.3,4.855906843547443
2024-04-24,6.6,2.3,5.585720075486331
2024-04-25,6.3,2.6,5.7123173729617385
2024-04-26,8.2,3.3,5.962183350170546
2024-04-27,10.1,7.5,7.928200670363438
2024-04-28,12.4,7.5,7.864341936194866
2024-04-29,11.8,7.2,7.720887386974051
2024-04-30,15.1,11.3,10.060108489159031
2024-05-01,17.1,13.8,11.772145418422335
2024-05-02,16.5,13.2,11.344346530338232
2024-05-03,11.6,9.8,9.214665682020138
2024-05-04,11.0,8.4,8.402249903241458
2024-05-05,12.4,8.5,8.417919606035827
2024-05-06,14.1,9.9,9.195905902219963
2024-05-07,13.5,9.5,8.971061650632
2024-05-08,12.0,8.8,8.602617477608844
2024-05-09,12.2,9.3,8.89149299243792
2024-05-10,14.6,10.7,9.683819506773512
2024-05-11,16.2,12.3,10.70577166857858
2024-05-12,18.5,12.0,10.413631404118556
2024-05-13,18.6,14.2,12.019589101491393
2024-05-14,19.1,14.3,12.076988706455726
2024-05-15,15.7,13.7,11.75254266167399
2024-05-16,15.2,13.1,11.321297560694706
2024-05-17,14.1,12.2,10.713332120372495
2024-05-18,16.4,13.4,11.497317758469402
2024-05-19,16.2,12.4,10.776372653493283
2024-05-20,15.2,12.7,11.028758709816147
2024-05-21,16.5,14.0,11.950745865946345
2024-05-22,15.7,12.3,10.724303383428119
2024-05-23,15.3,11.4,10.119953286390924
2024-05-24,14.2,12.4,10.85137785727608
2024-05-25,14.9,12.7,11.040245005990231
2024-05-26,15.3,12.5,10.881228715417398
2024-05-27,14.3,9.7,9.067080327576035
2024-05-28,13.9,10.7,9.707434464637096
2024-05-29,15.2,12.1,10.602433504584981
2024-05-30,13.9,11.2,10.035409501970939
2024-05-31,14.8,12.1,10.617161663646742
2024-06-01,14.9,12.8,11.112823864175043
2024-06-02,13.9,9.3,8.838834786246858
2024-06-03,13.7,9.9,9.208729197882812
2024-06-04,16.0,12.6,10.926358665499642
2024-06-05,13.0,7.4,7.794416550662903
2024-06-06,13.2,7.2,7.68313902887465
2024-06-07,13.5,8.6,8.442602467722057
2024-06-08,13.4,9.9,9.218370163715528
2024-06-09,12.8,7.6,7.90713728071685
2024-06-10,11.8,9.4,8.96409955849589
2024-06-11,11.8,7.3,7.77390347483456
2024-06-12,11.5,7.4,7.835490237035621
2024-06-13,13.7,8.2,8.210961510369549
2024-06-14,14.8,10.8,9.741719077906799
2024-06-15,13.9,10.2,9.388948459210429
2024-06-16,14.1,10.9,9.830622982911688
2024-06-17,15.5,10.7,9.65362571652201
2024-06-18,15.3,13.2,11.391540899679212
2024-06-19,15.1,11.6,10.261884211540856
2024-06-20,15.1,11.9,10.467218616202022
2024-06-21,15.6,13.4,11.529171799012346
2024-06-22,16.1,12.3,10.709472886095805
2024-06-23,17.4,13.4,11.45774688337572
2024-06-24,17.6,13.3,11.375433092369047
2024-06-25,21.1,16.2,13.55271590212242
2024-06-26,22.8,17.3,14.450160283121434
2024-06-27,21.2,16.1,13.461922477566025
2024-06-28,16.9,11.6,10.198200737723331
2024-06-29,17.5,12.8,11.013414464392296
2024-06-30,17.3,13.3,11.387182549858153
2024-07-01,15.4,10.8,9.721462514237611
2024-07-02,15.0,11.3,10.063599764012116
2024-07-03,13.8,10.5,9.58225290390686
2024-07-04,15.6,10.2,9.333671533216808
2024-07-05,15.7,12.3,10.724303383428119
2024-07-06,16.0,12.2,10.642934987297249
2024-07-07,13.9,11.1,9.969043864500785
2024-07-08,16.0,12.1,10.573099432983156
2024-07-09,19.2,15.2,12.794593034269228
2024-07-10,18.1,15.0,12.678713017591805
2024-07-11,16.8,12.9,11.112523622694034
2024-07-12,14.4,12.4,10.843830385283539
2024-07-13,14.5,11.7,10.351477844952989
2024-07-14,16.0,12.1,10.573099432983156
2024-07-15,18.5,13.8,11.715635891298074
2024-07-16,17.6,14.3,12.139294753092642
2024-07-17,17.6,14.1,11.983008979028119
2024-07-18,18.8,15.0,12.648313637176274
2024-07-19,22.8,17.4,14.541824610460568
2024-07-20,22.9,17.4,14.536912661597045
2024-07-21,19.8,16.9,14.232836557890712
2024-07-22,18.5,14.3,12.101834217252481
2024-07-23,18.6,15.8,13.323931518924537
2024-07-24,17.9,13.0,11.143188810590972
2024-07-25,18.8,14.7,12.406054642753286
2024-07-26,18.8,15.5,13.061336423727798
2024-07-27,17.6,13.8,11.75190097230295
2024-07-28,18.3,13.1,11.20087888703489
2024-07-29,19.6,14.4,12.134636996510944
2024-07-30,22.2,16.7,13.93902117183682
2024-07-31,21.2,15.7,13.12196805927254
2024-08-01,19.8,17.1,14.414470962314637
2024-08-02,19.9,16.8,14.137950035543934
2024-08-03,20.1,17.0,14.308747617175042
2024-08-04,18.3,12.9,11.05533101526895
2024-08-05,19.0,14.3,12.081122537948609
2024-08-06,21.1,16.2,13.55271590212242
2024-08-07,19.6,13.9,11.747687551994936
2024-08-08,19.8,13.6,11.512903672658709
2024-08-09,20.5,16.5,13.84251651879671
2024-08-10,19.3,15.0,12.626688891686145
2024-08-11,21.2,16.6,13.897739790755667
2024-08-12,23.6,17.9,14.96739399372539
2024-08-13,23.0,18.6,15.671728911098041
2024-08-14,20.4,17.5,14.753643848297365
2024-08-15,20.4,16.3,13.671943919401102
2024-08-16,20.1,16.7,14.038840249282199
2024-08-17,18.9,13.9,11.775844995194378
2024-08-18,18.5,13.1,11.193197845452833
2024-08-19,18.2,12.6,10.843853125550785
2024-08-20,18.4,14.9,12.584343998483423
2024-08-21,16.7,10.2,9.298249629864943
2024-08-22,18.4,11.8,10.2806778438393
2024-08-23,19.7,14.2,11.974441251016268
2024-08-24,19.3,15.3,12.872679144662301
2024-08-25,16.6,10.6,9.553128787638855
2024-08-26,17.1,12.6,10.884949554278109
2024-08-27,17.9,13.3,11.363707856403714
2024-08-28,20.3,15.6,13.078156087470711
2024-08-29,19.6,15.9,13.363630204217207
2024-08-30,17.6,13.2,11.301427248538154
2024-08-31,18.7,13.6,11.55629649102405
2024-09-01,22.0,17.1,14.307027844858794
2024-09-02,22.3,18.2,15.319606143594918
2024-09-03,19.5,17.6,14.892749452331067
2024-09-04,18.2,15.5,13.088234662458662
2024-09-05,20.6,17.7,14.930882177761966
2024-09-06,21.2,16.1,13.461922477566025
2024-09-07,19.6,16.7,14.06281777319216
2024-09-08,18.7,14.4,12.172057497785094
2024-09-09,16.9,13.2,11.32870185317176
2024-09-10,15.3,11.9,10.459961054325648
2024-09-11,12.0,8.5,8.429728015092163
2024-09-12,10.7,7.7,8.0201584399387
2024-09-13,12.1,8.1,8.20110762417286
2024-09-14,12.9,7.8,8.012905176637979
2024-09-15,13.9,10.1,9.326369060773915
2024-09-16,15.4,12.4,10.80624996461023
2024-09-17,15.8,12.8,11.078210465740167
2024-09-18,16.8,14.4,12.251819212721431
2024-09-19,17.9,15.3,12.934598920654492
2024-09-20,17.5,13.5,11.528691343828884
2024-09-21,17.6,13.7,11.675741866980331
2024-09-22,17.6,14.7,12.457257619782707
2024-09-23,16.7,14.3,12.176987922931469
2024-09-24,14.6,12.4,10.83629340499837
2024-09-25,14.3,12.0,10.565787437854155
2024-09-26,15.5,12.9,11.162571364628912
2024-09-27,12.8,8.9,8.636708184248265
2024-09-28,11.1,6.7,7.4789416086828195
2024-09-29,10.3,5.9,7.097534400523124
2024-09-30,11.9,9.0,8.722667866375229
2024-10-01,13.4,11.4,10.18705470409863
2024-10-02,11.5,8.9,8.676152135203905
2024-10-03,10.6,6.4,7.339035309872739
2024-10-04,9.3,6.3,7.322171441856888
2024-10-05,9.5,6.4,7.367596919074439
2024-10-06,11.0,7.8,8.06648434199294
2024-10-07,15.0,11.7,10.333515884437714
2024-10-08,15.2,12.7,11.028758709816147
2024-10-09,13.8,11.9,10.514639366162164
2024-10-10,12.2,8.9,8.654868425743095
2024-10-11,9.3,5.8,7.073542978035588
2024-10-12,9.3,7.1,7.736063086508611
2024-10-13,10.7,5.4,6.846111380586954
2024-10-14,8.0,5.9,7.155597104137576
2024-10-15,9.4,7.6,8.002285986271398
2024-10-16,15.8,12.6,10.93392146782911
2024-10-17,16.8,14.5,12.3313014293627
2024-10-18,14.9,13.9,11.939370008146218
2024-10-19,14.4,12.5,10.91528576929977
2024-10-20,15.4,12.9,11.166439869693765
2024-10-21,14.4,12.4,10.843830385283539
2024-10-22,12.2,10.0,9.319349997819737
2024-10-23,11.8,10.4,9.585343856310693
2024-10-24,10.7,8.9,8.700604915574393
2024-10-25,13.6,12.3,10.80284230968862
2024-10-26,13.8,12.6,11.010129319146964
2024-10-27,13.3,11.2,10.056429734825477
2024-10-28,12.1,10.5,9.63936010789158
2024-10-29,13.4,12.5,10.953377850155814
2024-10-30,12.9,12.0,10.617499035172791
2024-10-31,10.7,9.6,9.120634154948725
2024-11-01,10.7,9.4,8.998838010193428
2024-11-02,11.6,8.8,8.61470192709451
2024-11-03,8.0,6.5,7.458092061461605
2024-11-04,8.0,6.8,7.613534876295392
2024-11-05,7.1,5.9,7.1785767201722726
2024-11-06,9.4,8.1,8.279476021218576
2024-11-07,7.6,6.0,7.215512530545039
2024-11-08,5.6,3.5,6.103346656915449
2024-11-09,6.8,4.9,6.70410313086695
2024-11-10,8.4,7.2,7.814124883389296
2024-11-11,10.0,7.5,7.9310006706001905
2024-11-12,9.0,6.5,7.431658986638066
2024-11-13,8.5,6.6,7.496260337136957
2024-11-14,10.7,8.2,8.297742854498873
2024-11-15,9.2,8.0,8.229194355619562
2024-11-16,9.3,7.0,7.683221087956506
2024-11-17,8.4,4.4,6.437140185988536
2024-11-18,6.0,3.2,5.96685595461427
2024-11-19,5.2,3.9,6.286707944362558
2024-11-20,3.4,0.0,4.789261977942506
2024-11-21,3.1,-2.1,4.111327147078309
2024-11-22,3.4,-0.0,4.789261977942506
2024-11-23,3.9,1.5,5.326815745600397
2024-11-24,14.1,7.7,7.925228801311052
2024-11-25,12.6,8.4,8.355203184623132
2024-11-26,7.5,5.7,7.0697771642094
2024-11-27,7.9,6.3,7.35864552126838
2024-11-28,7.6,3.5,6.059867784916051
2024-11-29,4.0,2.2,5.598095344071457
2024-11-30,4.2,1.8,5.436575465989655
2024-12-01,6.2,3.2,5.962583997603629
2024-12-02,9.4,8.0,8.223369408278831
2024-12-03,6.6,3.3,5.996283415801548
2024-12-04,5.2,3.0,5.899923328844673
2024-12-05,7.0,5.8,7.131615970537755
2024-12-06,8.5,5.0,6.7102485649950925
2024-12-07,7.7,5.4,6.919240574611383
2024-12-08,6.4,5.3,6.903286238254501
2024-12-09,6.0,3.2,5.96685595461427
2024-12-10,5.2,2.5,5.694278031443241
2024-12-11,3.9,1.9,5.4815025758356315
2024-12-12,3.7,2.6,5.7659638427818605
2024-12-13,2.2,0.6,5.023656042542315
2024-12-14,4.1,2.2,5.596076193361242
2024-12-15,8.2,6.4,7.40163948525463
2024-12-16,10.1,8.1,8.259014827167901
2024-12-17,8.2,6.8,7.608122731368223
2024-12-18,10.4,7.7,8.028643883535885
2024-12-19,8.5,6.4,7.393755615751429
2024-12-20,6.0,2.7,5.759209162606491
2024-12-21,8.0,6.7,7.561405485570306
2024-12-22,5.7,2.2,5.563966736989078
2024-12-23,6.9,3.1,5.905763600545985
2024-12-24,6.2,4.8,6.671797238453025
2024-12-25,9.2,8.8,8.687927656242826
2024-12-26,7.9,7.4,7.935855883195837
2024-12-27,4.4,4.0,6.349287620391066
2024-12-28,2.2,1.7,5.437030790585402
2024-12-29,4.0,3.1,5.967559431112765
2024-12-30,6.7,5.4,6.943965393530845
2024-12-31,4.9,3.0,5.906289007674571
2025-01-01,8.2,5.5,6.95506185784419
2025-01-02,4.3,2.2,5.592042258458837
2025-01-03,2.9,0.0,4.797936605687376
2025-01-04,1.9,0.8,5.102233290275347
2025-01-05,5.0,4.0,6.335591511916377
2025-01-06,9.3,6.5,7.423765562329369
2025-01-07,3.7,1.0,5.142616804178048
2025-01-08,3.5,1.0,5.146334582456868
2025-01-09,2.5,-0.1,4.770143367278328
2025-01-10,2.7,-0.0,4.801415261917709
2025-01-11,1.7,0.1,4.853966281207786
2025-01-12,2.5,0.5,4.982067830014582
2025-01-13,1.3,-0.8,4.552853224833697
2025-01-14,2.7,0.8,5.087436166359377
2025-01-15,7.1,6.5,7.482043115361035
2025-01-16,5.2,4.4,6.511143593910804
2025-01-17,2.2,1.5,5.359703295146504
2025-01-18,-0.1,-0.8,4.5761969146881825
2025-01-19,-0.6,-1.1,4.485097495187418
2025-01-20,-0.2,-1.3,4.413359661001839
2025-01-21,0.3,-0.8,4.569502898356585
2025-01-22,1.5,0.6,5.036459826375483
2025-01-23,5.0,3.2,5.988307890456853
2025-01-24,7.7,5.2,6.823717550664349
2025-01-25,5.7,4.0,6.3196872119043945
2025-01-26,3.6,1.5,5.332590071611888
2025-01-27,8.9,5.3,6.842097741194985
2025-01-28,7.7,4.5,6.498505591237626
2025-01-29,7.0,5.0,6.746177077747164
2025-01-30,5.5,3.9,6.279939552532991
2025-01-31,3.7,1.9,5.485462483782777
2025-02-01,1.8,0.1,4.852200881578323
2025-02-02,0.6,-1.2,4.432843845654105
2025-02-03,1.4,-0.0,4.824150063740667
2025-02-04,2.8,1.3,5.271864287996086
2025-02-05,5.1,3.5,6.114314036352853
2025-02-06,3.5,2.3,5.648310829992052
2025-02-07,3.1,-0.3,4.691089379545199
2025-02-08,4.5,1.0,5.127799251707879
2025-02-09,3.4,1.2,5.222777604464554
2025-02-10,1.7,-0.5,4.646826165048911
2025-02-11,2.2,1.6,5.3982443584783315
2025-02-12,3.6,2.5,5.727198880044177
2025-02-13,1.5,-0.7,4.582878240444667
2025-02-14,0.6,-1.9,4.210542867624739
2025-02-15,0.7,-1.9,4.20900533143061
2025-02-16,0.8,-3.1,3.8495821706922615
2025-02-17,-0.8,-5.1,3.3323321567677664
2025-02-18,-0.7,-7.0,2.8814992603707292
2025-02-19,1.2,-5.2,3.2830802972993007
2025-02-20,6.4,4.6,6.574540495091568
2025-02-21,12.9,9.3,8.869734400951444
2025-02-22,10.3,8.7,8.595889832293299
2025-02-23,9.4,6.5,7.42113814574387
2025-02-24,10.5,6.9,7.598416086729183
2025-02-25,7.8,6.5,7.463401256735826
2025-02-26,6.9,3.9,6.248545460858126
2025-02-27,5.2,3.4,6.0691461556234065
2025-02-28,5.6,3.1,5.933306175185301
2025-03-01,4.1,1.7,5.399770705816737
2025-03-02,3.4,1.5,5.336446582240427
2025-03-03,2.6,1.0,5.16313132270786
2025-03-04,3.3,1.1,5.187243400387577
2025-03-05,6.5,2.5,5.667807223501613
2025-03-06,8.4,4.0,6.259082859312877
2025-03-07,10.7,5.5,6.893805367991766
2025-03-08,10.5,4.8,6.570655944163062
2025-03-09,10.4,5.1,6.7118691543156785
2025-03-10,9.4,4.8,6.596236271675289
2025-03-11,5.9,2.4,5.639736434282126
2025-03-12,4.9,2.1,5.540330413038726
2025-03-13,3.9,1.3,5.250932865087602
2025-03-14,3.1,-1.3,4.360638984508423
2025-03-15,3.3,-1.6,4.262531557041896
2025-03-16,3.8,0.3,4.887467169665461
2025-03-17,5.6,0.8,5.034508579337162
2025-03-18,4.4,-2.8,3.8853628824640896
2025-03-19,7.6,1.4,5.219053298550558
2025-03-20,10.5,5.0,6.662934984420476
2025-03-21,12.7,6.5,7.335464695049608
2025-03-22,14.0,8.9,8.60061537623469
2025-03-23,12.2,8.4,8.366915402158964
2025-03-24,9.2,7.1,7.738802970725543
2025-03-25,8.0,5.5,6.960009438749645
2025-03-26,8.5,6.0,7.192455682409089
2025-03-27,8.1,5.0,6.719792029620863
2025-03-28,8.2,6.1,7.250043412900542
2025-03-29,8.1,4.0,6.265759214362809
2025-03-30,9.7,5.2,6.775467824302925
2025-03-31,8.2,4.4,6.441716080913709
2025-04-01,8.0,3.2,5.924409887001862
2025-04-02,10.6,4.1,6.25431310251724
2025-04-03,13.2,6.6,7.37322061796621
2025-04-04,13.7,7.1,7.617399403117857
2025-04-05,10.6,3.9,6.167066630179093
2025-04-06,8.5,-2.3,3.973342858303229
2025-04-07,8.0,-0.9,4.411996358912413
2025-04-08,9.1,1.7,5.304114891719009
2025-04-09,8.2,3.3,5.962183350170546
2025-04-10,9.6,4.4,6.40982075814349
2025-04-11,10.7,5.8,7.038654973211739
2025-04-12,14.7,6.6,7.334798415683947
2025-04-13,14.4,8.3,8.246769597065231
2025-04-14,13.0,5.7,6.933891179924404
2025-04-15,14.6,9.0,8.640821808202462
2025-04-16,11.5,5.8,7.01887305162885
2025-04-17,10.8,5.3,6.796315083303559
2025-04-18,11.2,3.9,6.1540536532910775
2025-04-19,10.4,4.9,6.618986674259224
2025-04-20,11.2,5.9,7.075069899167503
2025-04-21,12.2,9.1,8.772476585444291
2025-04-22,12.3,8.5,8.42086860572265
2025-04-23,11.6,8.6,8.49893589946454
2025-04-24,11.1,9.7,9.169154758704419
2025-04-25,11.2,7.6,7.951629700794737
2025-04-26,11.8,7.2,7.720887386974051
2025-04-27,13.9,7.4,7.769978386943703
2025-04-28,14.4,7.2,7.651075850872044
2025-04-29,15.8,8.4,8.262672815386953
2025-04-30,18.1,10.5,9.440781015540166
2025-05-01,20.7,8.5,8.180149543997041
2025-05-02,19.6,9.6,8.84335441462748
2025-05-03,13.7,6.0,7.062071267040334
2025-05-04,10.8,4.3,6.338182593079717
2025-05-05,9.9,2.2,5.4814065522324835
2025-05-06,10.1,4.2,6.309462526628157
2025-05-07,11.4,5.2,6.734988838882736
2025-05-08,12.7,4.8,6.52008591415726
2025-05-09,13.9,2.5,5.521694095287323
2025-05-10,15.9,4.2,6.182858538894398
2025-05-11,18.3,5.2,6.5755397979210235
2025-05-12,19.1,6.9,7.374818556033302
2025-05-13,17.6,3.6,5.892842071501415
2025-05-14,15.2,6.8,7.423427537612102
2025-05-15,14.4,5.1,6.618502864566895
2025-05-16,12.3,6.1,7.14590896556163
2025-05-17,13.2,7.5,7.8423706648522575
2025-05-18,13.7,8.0,8.100097703709896
2025-05-19,15.4,7.0,7.520796382926062
2025-05-20,15.8,5.5,6.772128927857632
2025-05-21,13.3,7.4,7.786253433311885
2025-05-22,11.8,3.4,5.928572845824794
2025-05-23,11.1,3.4,5.943172673413456
2025-05-24,12.3,8.8,8.593576366229328
2025-05-25,15.7,12.3,10.724303383428119
2025-05-26,14.7,8.4,8.294248080618587
2025-05-27,14.3,11.2,10.021444764448626
2025-05-28,14.9,11.9,10.474486256275762
2025-05-29,14.6,12.3,10.765299851618458
2025-05-30,16.7,13.8,11.788391263402048
2025-05-31,18.2,14.0,11.881014381573223
2025-06-01,16.8,11.6,10.201717965085884
2025-06-02,15.0,9.6,8.984528908145741
2025-06-03,16.3,8.2,8.137206112452944
2025-06-04,16.2,9.9,9.129165268403955
2025-06-05,15.2,10.2,9.346619230852623
2025-06-06,15.2,11.1,9.92409932826409
2025-06-07,13.7,10.3,9.458488083693593
2025-06-08,13.1,8.8,8.569559384245107
2025-06-09,14.5,9.9,9.183118270164034
2025-06-10,14.6,11.0,9.878974612706346
2025-06-11,14.8,10.3,9.422355640935951
2025-06-12,19.2,12.7,10.87786069428933
2025-06-13,23.5,17.2,14.3251214041944
2025-06-14,22.2,16.4,13.67548676383876
2025-06-15,17.9,11.5,10.09616086924049
2025-06-16,18.4,12.7,10.907709051536566
2025-06-17,19.2,12.0,10.388697106246543
2025-06-18,19.6,13.1,11.151139715205186
2025-06-19,19.7,12.9,11.002479851118784
2025-06-20,20.4,10.2,9.181051457047705
2025-06-21,23.9,9.9,8.892523044647987
2025-06-22,22.5,13.8,11.557129063747956
2025-06-23,18.2,11.5,10.085764959644566
2025-06-24,17.8,13.5,11.516804052530897
2025-06-25,20.5,15.8,13.237721847935413
2025-06-26,19.9,16.4,13.782818685206545
2025-06-27,18.8,14.0,11.85659715729186
2025-06-28,20.8,17.3,14.548477413811153
2025-06-29,21.7,16.3,13.611664024216358
2025-06-30,23.3,15.7,13.0290143303993
2025-07-01,28.6,14.4,11.772709132489076
2025-07-02,23.7,16.1,13.348549372651371
2025-07-03,18.0,9.7,8.95185382160993
2025-07-04,19.3,8.6,8.275164976483255
2025-07-05,18.9,12.5,10.747099547892994
2025-07-06,17.5,15.7,13.289011863914922
2025-07-07,16.0,12.2,10.642934987297249
2025-07-08,15.1,10.9,9.796518479935411
2025-07-09,17.9,11.3,9.963326823570148
2025-07-10,18.7,14.1,11.937844305816089
2025-07-11,19.5,14.7,12.376380157019724
2025-07-12,19.4,14.7,12.380610674933592
2025-07-13,19.5,16.1,13.54012260813791
2025-07-14,19.9,15.7,13.180178461855903
2025-07-15,19.0,11.4,9.991786840525286
2025-07-16,17.3,13.1,11.239442766831877
2025-07-17,18.6,13.3,11.336442747579436
2025-07-18,20.9,14.8,12.39717691186558
2025-07-19,23.3,15.7,13.0290143303993
2025-07-20,21.0,16.5,13.818986828980636
2025-07-21,19.0,14.5,12.238442065527007
2025-07-22,18.5,15.4,12.991144959261163
2025-07-23,18.8,15.8,13.314803975496606
2025-07-24,19.2,15.2,12.794593034269228
2025-07-25,19.2,15.9,13.381914630698095
2025-07-26,19.4,15.6,13.118389690200926
2025-07-27,18.2,13.8,11.727699357120589
2025-07-28,17.7,12.3,10.650558818302258
2025-07-29,17.8,12.3,10.646898203482426
2025-07-30,18.2,11.4,10.019222671904796
2025-07-31,18.7,14.4,12.172057497785094
2025-08-01,17.1,13.5,11.54457929055595
2025-08-02,16.6,12.8,11.047623517085835
2025-08-03,18.3,13.0,11.127895362231952
2025-08-04,19.9,16.7,14.04842144037538
2025-08-05,17.8,10.8,9.641271725324842
2025-08-06,17.6,11.1,9.842180709561307
2025-08-07,18.8,12.1,10.471696184439388
2025-08-08,19.8,14.4,12.126352554117014
2025-08-09,17.8,12.8,11.002058477661526
2025-08-10,19.4,12.6,10.799373126403081
2025-08-11,21.1,12.5,10.66674740174052
2025-08-12,23.3,15.2,12.617639647726795
2025-08-13,24.4,17.2,14.281792184689193
2025-08-14,23.5,18.0,15.066980064230757
2025-08-15,21.5,16.7,13.972136104198219
2025-08-16,19.5,13.6,11.52470572665426
2025-08-17,17.2,12.4,10.73925754189179
2025-08-18,19.5,13.5,11.44990308930075
2025-08-19,20.1,13.4,11.352253561687348
2025-08-20,18.8,11.1,9.801726464480048
2025-08-21,17.6,10.3,9.331615844565802
2025-08-22,16.2,9.8,9.068173675324813
2025-08-23,16.4,9.6,8.941087911870818
2025-08-24,15.8,9.5,8.899653303871476
2025-08-25,17.2,9.4,8.79738305215569
2025-08-26,20.0,10.9,9.632769748734036
2025-08-27,19.7,13.2,11.22038576920768
2025-08-28,18.4,13.6,11.568187723907972
2025-08-29,16.9,11.8,10.333844597039642
2025-08-30,17.7,13.1,11.223985393248475
2025-08-31,19.3,14.7,12.384844086003836
2025-09-01,18.7,12.6,10.825275340514722
2025-09-02,17.4,11.3,9.980472455687803
2025-09-03,18.8,15.0,12.648313637176274
2025-09-04,17.6,13.3,11.375433092369047
2025-09-05,16.5,12.2,10.624562926210942
2025-09-06,16.7,12.1,10.547564950999067
2025-09-07,20.1,12.7,10.844475955585628
2025-09-08,19.5,14.4,12.13878346396234
2025-09-09,15.2,11.7,10.326348542052115
2025-09-10,15.9,10.3,9.386498207256556
2025-09-11,15.8,11.8,10.37318437574441
2025-09-12,14.8,9.8,9.1122627294851
2025-09-13,14.4,10.5,9.562258635980085
2025-09-14,14.6,10.5,9.555612409299993
2025-09-15,16.6,12.0,10.481917511686545
2025-09-16,15.0,10.8,9.734957516860186
2025-09-17,15.1,12.1,10.606111712218835
2025-09-18,18.5,15.7,13.243446933814065
2025-09-19,19.3,15.0,12.626688891686145
2025-09-20,19.6,15.7,13.19368504951963
2025-09-21,15.0,10.3,9.41581574460353
2025-09-22,12.6,7.1,7.646722725404574
2025-09-23,12.2,8.2,8.254124090588768
2025-09-24,11.9,6.7,7.457951770805444
2025-09-25,11.9,5.7,6.96064887260259
2025-09-26,12.3,7.1,7.65475921802192
2025-09-27,11.9,9.4,8.960954812115084
2025-09-28,13.2,9.7,9.101911088394383
2025-09-29,12.7,10.3,9.491577074715785
2025-09-30,13.8,10.5,9.58225290390686
2025-10-01,11.7,8.4,8.38160193086207
2025-10-02,12.7,7.5,7.8560882976401745
2025-10-03,12.2,7.5,7.869854003435934
2025-10-04,13.7,9.8,9.147206041329039
2025-10-05,12.4,7.4,7.810794242592155
2025-10-06,14.1,10.7,9.700675589465893
2025-10-07,15.1,13.2,11.399444830919231
2025-10-08,14.4,12.4,10.843830385283539
2025-10-09,13.4,9.8,9.156782596249291
2025-10-10,14.8,12.1,10.617161663646742
2025-10-11,14.4,11.9,10.492699586577059
2025-10-12,14.1,12.0,10.573143947819588
2025-10-13,14.3,12.2,10.705878071236734
2025-10-14,13.5,11.3,10.116261196581513
2025-10-15,13.3,11.4,10.190611015742581
2025-10-16,12.5,10.3,9.49822267392791
2025-10-17,12.2,9.6,9.07268969645066
2025-10-18,11.1,7.4,7.84651643261984
2025-10-19,11.0,7.6,7.957226483973195
2025-10-20,14.3,11.9,10.49634985604534
2025-10-21,13.4,11.2,10.05292024966239
2025-10-22,12.7,10.2,9.428363320679916
2025-10-23,12.0,9.5,9.018252927068781
2025-10-24,10.1,5.5,6.908408309636232
2025-10-25,9.6,6.8,7.570452097154551
2025-10-26,8.5,4.3,6.389941229557911
2025-10-27,9.9,6.6,7.459182914519075
2025-10-28,11.8,8.1,8.209741883822804
2025-10-29,11.6,9.4,8.970395677588776
2025-10-30,10.6,6.9,7.595738230839586
2025-10-31,10.9,8.0,8.179943764510416
2025-11-01,12.6,10.2,9.431662835402811
2025-11-02,10.6,8.1,8.244461497075976
2025-11-03,10.1,7.9,8.147414114410624
2025-11-04,13.5,9.8,9.153588184040588
2025-11-05,13.6,8.8,8.554616822110416
2025-11-06,11.5,7.7,7.997618033292112
2025-11-07,11.4,10.0,9.34555094668024
2025-11-08,10.7,9.4,8.998838010193428
2025-11-09,11.0,9.2,8.86910565654545
2025-11-10,9.1,7.5,7.956289955289438
2025-11-11,10.4,8.6,8.53490388775358
2025-11-12,12.4,8.1,8.192491506900048
2025-11-13,13.0,10.3,9.481626094032874
2025-11-14,11.7,11.2,10.112916614150459
2025-11-15,9.4,8.8,8.681777999434303
2025-11-16,7.2,5.2,6.835887548079481
2025-11-17,6.3,2.0,5.473376460620032
2025-11-18,5.1,2.5,5.696324492550676
2025-11-19,4.8,3.6,6.164215982331486
2025-11-20,2.3,0.9,5.1316712948210395
2025-11-21,1.9,0.4,4.956967441725544
2025-11-22,1.6,-1.1,4.449184066654524
2025-11-23,2.3,-0.4,4.670599245444128
2025-11-24,4.9,3.8,6.249387029403402
2025-11-25,3.8,2.2,5.602138019893137
2025-11-26,4.0,3.0,5.925468730232417
2025-11-27,6.1,4.6,6.581603564558093
2025-11-28,9.5,8.5,8.504287788797207
2025-11-29,9.0,7.8,8.12366303660214
2025-11-30,7.0,3.8,6.2025417223830654
2025-12-01,5.5,2.7,5.7695432899393575
2025-12-02,7.5,3.3,5.977054286728961
2025-12-03,6.7,5.2,6.848101033068009
2025-12-04,6.2,4.5,6.533400018969347
2025-12-05,4.1,3.3,6.050352698180281
2025-12-06,8.0,6.0,7.2052468182483365
2025-12-07,10.0,8.9,8.72211444564998
2025-12-08,11.8,9.9,9.270131498202087
2025-12-09,12.0,9.8,9.201739621094983
2025-12-10,11.8,9.2,8.844205552929951
2025-12-11,8.2,7.1,7.766308934723146
2025-12-12,8.6,7.3,7.862196256092663
2025-12-13,8.2,7.1,7.766308934723146
2025-12-14,6.6,6.0,7.241305247365576
2025-12-15,7.1,5.3,6.88604341803406
2025-12-16,8.8,6.9,7.644230264233846
2025-12-17,8.1,7.2,7.822459949931576
2025-12-18,9.5,5.9,7.117622946500193
2025-12-19,10.0,7.7,8.039985778479958
2025-12-20,5.6,4.6,6.593409131490036
2025-12-21,8.3,7.4,7.924577352894616
2025-12-22,5.8,3.3,6.01348014185511
2025-12-23,4.4,1.5,5.317219608425834
2025-12-24,1.5,-2.5,4.0147362152659944
2025-12-25,-1.7,-7.5,2.7827604144457316
2025-12-26,-1.4,-5.7,3.1910194374432
2025-12-27,1.0,-1.9,4.204399452899042
2025-12-28,3.1,2.2,5.616333482748975
2025-12-29,2.7,1.6,5.388459612495953
2025-12-30,3.9,0.1,4.815421881934524
2025-12-31,3.2,0.8,5.0782314691160995
2026-01-01,4.6,0.6,4.980247313461841
2026-01-02,2.5,-1.0,4.467236728770429
2026-01-03,1.5,-1.5,4.322118204620126
2026-01-04,1.1,-1.6,4.296725064518622
2026-01-05,-0.6,-2.6,4.0157978251904085
2026-01-06,-0.2,-2.2,4.130411215665137
2026-01-07,0.3,-0.9,4.5362324970130725
2026-01-08,1.5,0.5,5.000207527192862
2026-01-09,2.1,1.4,5.323339558830406
2026-01-10,-1.9,-4.6,3.4746461547117087
2026-01-11,-1.9,-5.0,3.3712608166990496
2026-01-12,4.3,3.2,6.003416254210032
2026-01-13,8.2,7.4,7.927393978930833
2026-01-14,6.5,5.2,6.852998655834373
2026-01-15,8.6,7.0,7.702309836001118
2026-01-16,8.7,6.4,7.38850902670353
2026-01-17,7.8,6.6,7.51493761863187
2026-01-18,4.4,3.2,6.001253250695636
2026-01-19,2.8,1.7,5.42520901680627
2026-01-20,3.0,1.9,5.499367331650413
2026-01-21,5.9,3.1,5.92692741921843
2026-01-22,3.8,0.3,4.887467169665461
2026-01-23,5.6,4.0,6.321954364267409
2026-01-24,4.8,2.9,5.866706715076995
2026-01-25,0.5,-1.6,4.3061459855444255
2026-01-26,0.1,-1.4,4.376283798288642
2026-01-27,1.9,0.7,5.065567458850273
2026-01-28,3.5,2.9,5.89427482904627
2026-01-29,0.6,-1.2,4.432843845654105
2026-01-30,2.6,0.9,5.1260883342101735
2026-01-31,6.1,4.8,6.674186422781925
2026-02-01,5.4,4.2,6.415922673370762
2026-02-02,4.8,2.9,5.866706715076995
2026-02-03,0.6,-1.2,4.432843845654105
2026-02-04,6.1,4.8,6.674186422781925
2026-02-05,2.7,0.7,5.050876670497617
2026-02-06,5.2,4.2,6.420532641161938
2026-02-07,7.9,6.1,7.257782295746549
2026-02-08,6.4,4.9,6.7136958379045
2026-02-09,3.9,2.5,5.720997257001358
2026-02-10,5.4,4.2,6.415922673370762
2026-02-11,8.4,7.7,8.08567562840206
2026-02-12,7.7,6.3,7.363885788686053
2026-02-13,3.5,0.9,5.109412102506616
2026-02-14,0.9,-3.1,3.848177470027897
2026-02-15,-0.1,-2.6,4.008444230930767
2026-02-16,4.6,2.8,5.8294549835455385
2026-02-17,4.3,1.6,5.357385417577973
2026-02-18,1.9,-1.7,4.252828503711416
2026-02-19,2.3,0.3,4.914082529093664
2026-02-20,5.7,3.3,6.015636670505588
2026-02-21,8.9,7.1,7.747034280391269
2026-02-22,10.1,9.2,8.897286398260864
2026-02-23,9.1,6.9,7.636105307354234
2026-02-24,10.5,9.6,9.127065062161803
2026-02-25,12.5,10.2,9.434964660305805
2026-02-26,11.9,9.0,8.722667866375229
2026-02-27,10.9,8.6,8.519880293513564
2026-02-28,9.3,7.1,7.736063086508611
2026-03-01,8.0,4.8,6.629082548681674
2026-03-02,10.4,5.3,6.805902549476444
2026-03-03,9.8,6.5,7.410647050998163
2026-03-04,8.9,6.5,7.434293859528206
2026-03-05,10.9,6.1,7.181129076639914
2026-03-06,11.4,7.0,7.626518349300001
2026-03-07,9.6,7.8,8.106424494349403
2026-03-08,8.7,7.2,7.805807560469242
2026-03-09,9.3,7.4,7.896520785881358
2026-03-10,8.9,7.8,8.12654325749794
2026-03-11,9.4,6.9,7.627997603966494
2026-03-12,8.8,4.1,6.294241329452977
2026-03-13,8.8,5.2,6.797095492477681
2026-03-14,5.9,3.5,6.096785094481927
2026-03-15,7.0,2.0,5.4597003459584785
2026-03-16,7.5,3.3,5.977054286728961
2026-03-17,11.0,7.5,7.903089353793574
2026-03-18,10.5,4.8,6.570655944163062
2026-03-19,9.5,4.2,6.32285604340147
2026-03-20,8.5,3.5,6.04050374796798
2026-03-21,6.9,4.2,6.381557795634443
2026-03-22,8.1,4.5,6.489263272174531
2026-03-23,8.8,5.0,6.703108736764915
2026-03-24,10.2,5.4,6.858192042984319
2026-03-25,7.8,3.2,5.928627299272374
2026-03-26,4.5,-0.1,4.735782529048338
2026-03-27,5.6,1.5,5.294329335672071
2026-03-28,7.3,3.2,5.939197146480918
2026-03-29,6.7,2.3,5.5837241061901075
2026-03-30,7.3,3.1,5.897340332796944
2026-03-31,7.6,3.7,6.145877440268226
2026-04-01,8.9,5.4,6.889802217265049
2026-04-02,8.4,5.4,6.902037703355024
2026-04-03,8.2,4.9,6.670743456499744
2026-04-04,12.2,8.1,8.198233572087991
2026-04-05,11.3,5.7,6.97533120455394
2026-04-06,8.9,2.6,5.659659953462713
2026-04-07,9.7,2.6,5.643652430172027
2026-04-08,12.4,4.9,6.572627110790415
2026-04-09,14.2,7.9,8.03116425232925
2026-04-10,9.3,3.4,5.981047379776156
2026-04-11,10.3,5.0,6.667636296810258
2026-04-12,9.6,3.8,6.145506855970347
2026-04-13,9.5,4.8,6.593902559921644
2026-04-14,10.1,5.1,6.718977930119013
2026-04-15,12.6,6.0,7.089256843221416
2026-04-16,13.0,8.2,8.231047734578036
2026-04-17,13.5,7.8,7.996133004630364
2026-04-18,11.9,7.6,7.932102808002047
2026-04-19,10.1,6.0,7.151827512623194
2026-04-20,8.6,4.1,6.298709291354984
2026-04-21,9.8,3.4,5.9704782909269305
2026-04-22,10.9,2.5,5.580011582651737
2026-04-23,10.5,5.0,6.662934984420476
2026-04-24,9.7,4.9,6.635367408471638
2026-04-25,10.1,2.9,5.75693250293257
2026-04-26,10.8,3.8,6.119535353145327
2026-04-27,11.4,3.7,6.0638028162196616
2026-04-28,13.1,3.6,5.985480636817595
2026-04-29,13.7,-0.7,4.387964123193752
2026-04-30,14.3,-1.0,4.2838539025415505
2026-05-01,17.6,-1.4,4.1128789265085866
2026-05-02,17.2,7.4,7.6816679730400885
2026-05-03,15.1,12.9,11.178061489679568
2026-05-04,14.5,11.7,10.351477844952989
2026-05-05,11.8,7.0,7.615812585693333
2026-05-06,11.7,5.2,6.72789564368644
2026-05-07,12.0,4.6,6.445424497292119
2026-05-08,13.7,6.3,7.209856453730096
2026-05-09,14.7,6.0,7.037537408200521
2026-05-10,13.5,5.7,6.92179648050015
2026-05-11,9.1,1.8,5.342193819281597
2026-05-12,9.5,2.9,5.769153127385992
2026-05-13,9.8,5.3,6.820334574674131
2026-05-14,8.6,4.4,6.432570787453671
2026-05-15,8.5,4.4,6.43485467553727
2026-05-16,9.4,3.4,5.978930569519643
2026-05-17,11.8,8.5,8.435644651705669
2026-05-18,11.8,8.4,8.378660501863695
2026-05-19,12.0,9.5,9.018252927068781
2026-05-20,14.5,11.0,9.88240898594212
2026-05-21,15.9,11.9,10.438248628680967
2026-05-22,19.1,12.5,10.739744817663468
2026-05-23,21.1,14.5,12.151098893606507
2026-05-24,20.4,12.6,10.762584255251989
2026-05-25,22.4,11.8,10.141538235057851
2026-05-26,24.4,10.5,9.240892188795408
2026-05-27,19.6,11.0,9.71024746304441
2026-05-28,18.9,8.7,8.342766556971533
2026-05-29,21.1,14.3,11.994902122214736
2026-05-30,20.4,13.4,11.340651871792932
2026-05-31,19.5,14.0,11.828236938566064
2026-06-01,18.5,13.0,11.1202643693554
2026-06-02,17.2,13.9,11.844792598059302
2026-06-03,15.5,12.5,10.87368932257803
2026-06-04,15.3,11.1,9.920658836210608
2026-06-05,15.2,10.9,9.793121039852203
2026-06-06,14.8,11.6,10.272575530392958
2026-06-07,15.3,11.4,10.119953286390924
2026-06-08,15.6,12.3,10.72801742788991
2026-06-09,13.6,9.1,8.72964670847961
2026-06-10,13.2,8.6,8.451447520071689
2026-06-11,12.8,9.3,8.872836248967163
2026-06-12,16.7,14.2,12.098378886872915
2026-06-13,15.5,11.1,9.913785003654771
2026-06-14,14.7,9.2,8.755102908832344
2026-06-15,15.1,9.8,9.102779021527265
2026-06-16,17.4,12.9,11.089575716400399
2026-06-17,19.1,15.5,13.047928721667512
2026-06-18,21.6,16.2,13.52972571399329
2026-06-19,24.0,19.5,16.52152338519935
2026-06-20,22.4,18.0,15.123057472691775
2026-06-21,23.3,18.8,15.85306558421658
2026-06-22,21.9,16.3,13.602437341264848
2026-06-23,22.9,16.2,13.470314656982005
2026-06-24,28.0,18.2,15.029645144031608
2026-06-25,27.4,20.1,16.95435694356058
2026-06-26,28.9,20.1,16.870160501198914
2026-06-27,25.5,17.8,14.778782559807043
2026-06-28,23.4,17.4,14.51240260821381
2026-06-29,20.2,12.6,10.769921963965302
2026-06-30,17.8,13.2,11.293658609769611
2026-07-01,19.3,14.5,12.22588767120436
2026-07-02,18.5,13.7,11.639711804644374
2026-07-03,17.4,11.1,9.84895557151936
2026-07-04,19.3,13.8,11.683587648135008
2026-07-05,19.6,15.3,12.859487671584935
2026-07-06,22.0,15.2,12.673214547073043
2026-07-07,21.5,15.0,12.532411900131049
2026-07-08,20.6,14.8,12.409837858498973
2026-07-09,21.2,15.0,12.545184869623284
2026-07-10,22.4,15.4,12.819717230142171
2026-07-11,22.7,16.5,13.739580786698172
2026-07-12,22.7,14.7,12.24251361484476
2026-07-13,21.5,14.0,11.747950246296822
2026-07-14,23.8,14.8,12.276106654096896
2026-07-15,23.9,12.9,10.846915416260346
2026-07-16,22.8,13.4,11.248685105473273
2026-07-17,20.3,13.8,11.643773071041347
2026-07-18,18.0,12.4,10.709749020395952
2026-07-19,17.4,9.2,8.673744182782276
2026-07-20,17.5,9.6,8.907249285677603
2026-07-21,17.2,10.6,9.533387519264194
